,mx1,mx2,mx3,mx4,mx5,mx6,mx7,cp1,cp2,ce19,ce37,cu1,cu2,cu3,cu4,cu5,cu7,cu16,cu17,cu18,cu19,cu20,cu21,cu23,cu25,cu29,cu34,cu37,cu38,cu41,cu52,cu53,cu54,cu55,cu56,cu57,cu61,cu64,cu65,cu67,cu68,cu72,cu74,cu75,cu76,cu77,cu78,cu80,cu81,cu82,cu83,cu84,cu85
29835,4.0,0.0,3.0,1.0,0.0,0.0,0.0,34.0,1.0,3.0,4000.0,9.0,4.0,5.0,418098.0,24149.0,307.0,4.0,0.0,0.0,0.0,0.0,0.0,0.0,4.0,2.0,1.0,0.0,3.0,631.0,0.0,0.0,0.0,0.0,0.0,31.0,2805.0,-1.0,31.0,1.0,400.0,4.0,0.0,21.0,21.0,9.0,64.0,47.0,84.0,47.0,631.0,24149.0,2424.0
1778,15.0,1.0,4.0,11.0,3.0,3.0,3.0,41.0,2.0,5.0,1480.0,61.0,48.0,13.0,165803.0,40780.0,400.0,38.0,2.0,3.0,3.0,6.0,10.0,0.0,36.0,5.0,10.0,0.0,5.0,22.0,3.0,5.0,5.0,8.0,15.0,3.0,3.0,3586.0,29.0,2.0,1300.0,4.0,0.0,39.0,39.0,7.0,110.0,63.0,6.0,63.0,22.0,1488.0,12068.0
10495,8.0,0.0,3.0,4.0,2.0,2.0,2.0,35.0,2.0,9.0,1000.0,35.0,29.0,6.0,38930.0,38.0,457.0,25.0,0.0,0.0,1.0,3.0,4.0,0.0,24.0,8.0,3.0,1.0,2.0,67.0,1.0,1.0,4.0,6.0,9.0,3.0,3.0,67.0,11.0,0.0,0.0,1.0,3000.0,7.0,7.0,0.0,7.0,1.0,14.0,1.0,29.0,1976.0,2204.0
19228,6.0,2.0,4.0,3.0,4.0,4.0,4.0,30.0,1.0,26.0,6000.0,8.0,4.0,4.0,14651.0,834.0,16.0,2.0,2.0,2.0,2.0,2.0,2.0,0.0,3.0,4.0,3.0,0.0,2.0,6.0,3.0,4.0,4.0,4.0,6.0,11.0,11.0,-1.0,11.0,1.0,600.0,2.0,0.0,1.0,1.0,1.0,2.0,3.0,3.0,3.0,6.0,278.0,600.0
7024,9.0,0.0,9.0,4.0,0.0,0.0,0.0,36.0,2.0,10.0,8500.0,20.0,15.0,5.0,168790.0,102102.0,1200.0,0.0,1.0,1.0,1.0,7.0,15.0,0.0,15.0,7.0,4.0,1.0,0.0,192.0,1.0,2.0,2.0,5.0,19.0,21.0,21.0,58.0,127.0,2.0,16883.0,1.0,0.0,3.0,3.0,1.0,4.0,3.0,1.0,3.0,9.0,109999.0,58791.0
31921,14.0,2.0,14.0,13.0,3.0,7.0,10.0,37.0,2.0,15.0,6000.0,27.0,25.0,2.0,26139.0,33857.0,300.0,11.0,2.0,5.0,9.0,14.0,14.0,0.0,25.0,16.0,2.0,0.0,1.0,40.0,1.0,3.0,7.0,14.0,14.0,17.0,17.0,-1.0,17.0,1.0,5200.0,2.0,0.0,24.0,24.0,11.0,47.0,44.0,6.0,44.0,30.0,26139.0,0.0
20791,10.0,0.0,10.0,7.0,1.0,4.0,8.0,37.0,1.0,9.0,2000.0,29.0,22.0,7.0,19727.0,58.0,1300.0,19.0,1.0,3.0,3.0,3.0,3.0,0.0,22.0,21.0,5.0,2.0,5.0,29.0,1.0,4.0,4.0,8.0,8.0,13.0,13.0,23.0,13.0,1.0,2500.0,1.0,34400.0,4.0,4.0,1.0,4.0,6.0,1.0,6.0,29.0,62.0,9121.0
20354,10.0,3.0,8.0,6.0,2.0,2.0,3.0,42.0,1.0,11.0,4000.0,14.0,6.0,8.0,110789.0,94369.0,500.0,3.0,2.0,2.0,2.0,3.0,3.0,0.0,4.0,3.0,4.0,3.0,4.0,17.0,1.0,2.0,2.0,3.0,4.0,4.0,4.0,484.0,4.0,0.0,0.0,5.0,14663.0,23.0,23.0,17.0,91.0,48.0,18.0,48.0,17.0,94369.0,476.0
6535,25.0,5.0,14.0,14.0,7.0,7.0,8.0,56.0,1.0,7.0,2000.0,42.0,21.0,21.0,515628.0,377211.0,400.0,7.0,2.0,5.0,5.0,11.0,14.0,0.0,18.0,15.0,10.0,0.0,6.0,31.0,0.0,6.0,7.0,12.0,17.0,8.0,8.0,-1.0,8.0,9.0,152377.0,10.0,0.0,24.0,24.0,9.0,134.0,84.0,27.0,27.0,31.0,33889.0,6971.0
1456,13.0,2.0,13.0,6.0,3.0,5.0,11.0,21.0,1.0,12.0,7000.0,28.0,22.0,6.0,26658.0,0.0,61.0,1.0,3.0,4.0,7.0,12.0,21.0,0.0,21.0,19.0,6.0,0.0,4.0,29.0,2.0,4.0,6.0,17.0,26.0,7.0,7.0,-1.0,14.0,0.0,0.0,0.0,0.0,1.0,0.0,1.0,0.0,0.0,1.0,0.0,29.0,0.0,22465.0
29945,8.0,0.0,7.0,4.0,0.0,0.0,1.0,21.0,1.0,15.0,10000.0,25.0,19.0,6.0,211270.0,28277.0,976.0,2.0,0.0,0.0,2.0,2.0,17.0,0.0,18.0,18.0,3.0,1.0,4.0,144.0,0.0,0.0,0.0,1.0,21.0,43.0,133.0,308.0,133.0,2.0,8600.0,3.0,5000.0,9.0,5.0,9.0,11.0,27.0,72.0,27.0,144.0,15485.0,1322.0
21125,16.0,2.0,11.0,11.0,0.0,4.0,4.0,42.0,2.0,3.0,1071.0,85.0,70.0,15.0,128377.0,42508.0,535.0,67.0,0.0,2.0,2.0,3.0,3.0,0.0,68.0,65.0,10.0,4.0,8.0,42.0,0.0,4.0,4.0,4.0,4.0,12.0,40.0,12.0,42.0,2.0,5600.0,12.0,64835.0,18.0,18.0,0.0,103.0,17.0,2.0,17.0,42.0,31653.0,2507.0
19519,20.0,4.0,15.0,15.0,8.0,11.0,13.0,30.0,1.0,43.0,3000.0,36.0,24.0,12.0,109932.0,103289.0,120.0,11.0,2.0,4.0,7.0,13.0,13.0,0.0,14.0,19.0,8.0,0.0,6.0,18.0,3.0,7.0,12.0,19.0,21.0,17.0,17.0,-1.0,17.0,3.0,5400.0,6.0,0.0,15.0,15.0,9.0,25.0,13.0,6.0,13.0,18.0,87955.0,3754.0
9479,11.0,0.0,8.0,6.0,5.0,5.0,8.0,23.0,2.0,9.0,1490.0,13.0,5.0,8.0,29368.0,7446.0,300.0,1.0,1.0,2.0,3.0,4.0,4.0,0.0,5.0,5.0,6.0,1.0,4.0,8.0,2.0,4.0,5.0,8.0,9.0,7.0,7.0,44.0,10.0,3.0,2070.0,2.0,16600.0,23.0,15.0,23.0,24.0,6.0,4.0,6.0,8.0,8529.0,4340.0
11531,15.0,0.0,12.0,5.0,0.0,0.0,0.0,32.0,2.0,13.0,10000.0,297.0,278.0,19.0,137348.0,137343.0,100.0,278.0,0.0,0.0,0.0,0.0,0.0,0.0,270.0,240.0,10.0,1.0,12.0,194.0,0.0,0.0,0.0,0.0,3.0,144.0,144.0,401.0,144.0,5.0,8322.0,19.0,17353.0,50.0,50.0,30.0,304.0,84.0,84.0,84.0,194.0,82708.0,0.0
29061,4.0,0.0,1.0,2.0,0.0,0.0,1.0,37.0,2.0,10.0,1606.0,8.0,5.0,3.0,33888.0,3780.0,457.0,5.0,0.0,0.0,0.0,0.0,0.0,0.0,5.0,3.0,2.0,0.0,1.0,128.0,0.0,0.0,0.0,3.0,3.0,6.0,27.0,-1.0,43.0,0.0,0.0,2.0,0.0,4.0,4.0,0.0,8.0,6.0,6.0,6.0,97.0,3118.0,23176.0
18729,18.0,0.0,17.0,16.0,2.0,7.0,10.0,28.0,1.0,14.0,15000.0,32.0,20.0,12.0,41451.0,0.0,131.0,9.0,2.0,3.0,6.0,6.0,11.0,0.0,15.0,16.0,10.0,1.0,4.0,8.0,4.0,5.0,8.0,15.0,19.0,8.0,8.0,28.0,8.0,5.0,9401.0,0.0,7800.0,5.0,0.0,5.0,0.0,1.0,1.0,0.0,8.0,0.0,18484.0
9979,1.0,0.0,0.0,0.0,0.0,0.0,0.0,33.0,1.0,8.0,1000.0,10.0,6.0,4.0,18945.0,18943.0,400.0,4.0,0.0,0.0,0.0,0.0,2.0,0.0,5.0,4.0,2.0,0.0,3.0,1192.0,0.0,0.0,0.0,0.0,0.0,213.0,213.0,-1.0,1017.0,0.0,0.0,4.0,0.0,92.0,92.0,8.0,199.0,84.0,84.0,84.0,1010.0,6078.0,0.0
5269,26.0,4.0,21.0,9.0,7.0,7.0,9.0,42.0,2.0,6.0,2000.0,84.0,62.0,22.0,359135.0,31995.0,50.0,48.0,1.0,4.0,6.0,6.0,14.0,0.0,44.0,37.0,12.0,1.0,14.0,22.0,1.0,6.0,8.0,14.0,18.0,8.0,8.0,646.0,9.0,3.0,971.0,14.0,3000.0,49.0,23.0,49.0,107.0,53.0,8.0,53.0,22.0,20002.0,26585.0
35817,8.0,0.0,4.0,3.0,1.0,2.0,2.0,54.0,2.0,11.0,4000.0,32.0,24.0,8.0,701821.0,550.0,657.0,21.0,1.0,1.0,1.0,1.0,3.0,0.0,20.0,5.0,5.0,1.0,3.0,4.0,3.0,3.0,3.0,3.0,3.0,9.0,9.0,56.0,21.0,3.0,9355.0,2.0,6000.0,19.0,19.0,19.0,37.0,4.0,4.0,3.0,4.0,257.0,14125.0
16419,12.0,0.0,9.0,9.0,0.0,1.0,2.0,31.0,2.0,15.0,4000.0,40.0,31.0,9.0,50307.0,23849.0,200.0,21.0,0.0,1.0,3.0,7.0,10.0,0.0,28.0,9.0,6.0,2.0,3.0,47.0,0.0,2.0,3.0,7.0,14.0,5.0,5.0,50.0,33.0,0.0,0.0,3.0,8000.0,65.0,65.0,65.0,102.0,28.0,24.0,27.0,47.0,8969.0,4438.0
29791,6.0,3.0,6.0,4.0,3.0,3.0,6.0,19.0,1.0,8.0,1800.0,7.0,4.0,3.0,1557.0,0.0,197.0,0.0,1.0,2.0,3.0,4.0,4.0,0.0,4.0,4.0,2.0,0.0,2.0,20.0,1.0,2.0,3.0,7.0,7.0,20.0,20.0,-1.0,20.0,2.0,1000.0,0.0,0.0,0.0,0.0,0.0,0.0,0.0,0.0,0.0,20.0,0.0,1557.0
9036,10.0,1.0,10.0,6.0,2.0,4.0,6.0,57.0,1.0,13.0,4000.0,18.0,11.0,7.0,13416.0,6310.0,600.0,8.0,0.0,0.0,3.0,3.0,3.0,0.0,3.0,3.0,5.0,1.0,3.0,20.0,2.0,4.0,6.0,8.0,8.0,20.0,20.0,-1.0,20.0,4.0,6122.0,2.0,30000.0,2.0,2.0,0.0,4.0,2.0,0.0,2.0,20.0,5061.0,7106.0
24618,7.0,0.0,5.0,4.0,0.0,0.0,0.0,61.0,2.0,5.0,1000.0,44.0,37.0,7.0,205028.0,214739.0,500.0,36.0,0.0,0.0,0.0,0.0,1.0,0.0,35.0,30.0,5.0,2.0,5.0,785.0,0.0,0.0,0.0,0.0,0.0,338.0,338.0,397.0,338.0,3.0,14060.0,6.0,3300.0,55.0,55.0,24.0,173.0,84.0,84.0,84.0,769.0,188256.0,0.0
34100,3.0,1.0,3.0,2.0,2.0,2.0,2.0,48.0,2.0,14.0,2000.0,7.0,5.0,2.0,4729.0,3229.0,400.0,4.0,1.0,1.0,1.0,1.0,1.0,0.0,4.0,3.0,1.0,1.0,2.0,13.0,2.0,2.0,2.0,2.0,2.0,13.0,13.0,85.0,13.0,1.0,1500.0,1.0,4000.0,11.0,11.0,0.0,11.0,13.0,10.0,13.0,13.0,3229.0,1500.0
10190,15.0,0.0,14.0,14.0,9.0,9.0,13.0,35.0,1.0,11.0,1606.0,22.0,13.0,9.0,424286.0,287189.0,300.0,1.0,1.0,3.0,5.0,7.0,12.0,0.0,11.0,11.0,9.0,0.0,6.0,10.0,5.0,7.0,9.0,14.0,19.0,18.0,18.0,1330.0,18.0,4.0,1275.0,1.0,0.0,24.0,24.0,11.0,24.0,13.0,13.0,13.0,10.0,293305.0,2856.0
17350,6.0,0.0,3.0,0.0,0.0,0.0,0.0,42.0,1.0,9.0,0.0,29.0,23.0,6.0,583140.0,0.0,1500.0,23.0,0.0,0.0,0.0,0.0,0.0,0.0,9.0,0.0,0.0,1.0,1.0,7759.0,0.0,0.0,0.0,2.0,2.0,21.0,1743.0,28.0,-1.0,1.0,1500.0,0.0,102000.0,1.0,1.0,1.0,1.0,9.0,9.0,0.0,132.0,0.0,1286.0
15761,8.0,2.0,5.0,5.0,2.0,2.0,3.0,41.0,1.0,43.0,8000.0,17.0,11.0,6.0,733747.0,48154.0,300.0,5.0,1.0,3.0,3.0,5.0,6.0,0.0,10.0,8.0,3.0,0.0,3.0,19.0,1.0,3.0,3.0,8.0,9.0,20.0,20.0,2467.0,20.0,3.0,2300.0,5.0,0.0,24.0,24.0,12.0,56.0,35.0,12.0,32.0,19.0,8712.0,1154.0
17001,9.0,0.0,5.0,4.0,0.0,0.0,1.0,45.0,1.0,3.0,1000.0,34.0,24.0,10.0,564440.0,240722.0,236.0,21.0,0.0,0.0,0.0,2.0,3.0,0.0,24.0,20.0,5.0,1.0,4.0,99.0,0.0,0.0,0.0,2.0,7.0,16.0,20.0,581.0,51.0,1.0,2071.0,8.0,2500.0,25.0,25.0,0.0,41.0,32.0,17.0,32.0,99.0,212802.0,4042.0
24341,15.0,1.0,10.0,5.0,3.0,3.0,4.0,58.0,2.0,14.0,2000.0,39.0,25.0,14.0,188231.0,205510.0,450.0,23.0,1.0,1.0,2.0,2.0,2.0,0.0,18.0,7.0,6.0,2.0,4.0,16.0,1.0,3.0,3.0,4.0,4.0,16.0,16.0,39.0,16.0,2.0,1800.0,8.0,6450.0,24.0,24.0,23.0,102.0,35.0,84.0,32.0,16.0,29580.0,2451.0
31794,13.0,1.0,11.0,6.0,2.0,3.0,7.0,31.0,2.0,14.0,8401.0,28.0,17.0,11.0,75310.0,67442.0,500.0,2.0,1.0,2.0,3.0,8.0,15.0,0.0,16.0,11.0,5.0,2.0,4.0,41.0,1.0,4.0,4.0,13.0,19.0,10.0,10.0,51.0,10.0,3.0,0.0,5.0,4500.0,64.0,64.0,0.0,103.0,84.0,13.0,84.0,16.0,68242.0,3590.0
4514,7.0,4.0,6.0,6.0,6.0,6.0,6.0,19.0,1.0,19.0,3000.0,7.0,4.0,3.0,10209.0,0.0,400.0,0.0,2.0,4.0,4.0,4.0,4.0,0.0,4.0,4.0,3.0,0.0,1.0,8.0,2.0,6.0,6.0,7.0,7.0,8.0,8.0,-1.0,8.0,2.0,900.0,0.0,0.0,0.0,0.0,0.0,0.0,0.0,0.0,0.0,8.0,0.0,1331.0
21406,13.0,1.0,3.0,13.0,0.0,2.0,3.0,25.0,2.0,10.0,1606.0,30.0,25.0,5.0,81968.0,6221.0,780.0,16.0,0.0,1.0,4.0,5.0,9.0,0.0,24.0,6.0,5.0,0.0,1.0,57.0,1.0,3.0,5.0,7.0,8.0,8.0,8.0,-1.0,8.0,0.0,0.0,1.0,0.0,39.0,1.0,39.0,1.0,1.0,4.0,1.0,19.0,6221.0,1189.0
8146,13.0,6.0,11.0,8.0,9.0,9.0,9.0,34.0,1.0,30.0,2000.0,13.0,7.0,6.0,12476.0,12318.0,400.0,1.0,6.0,6.0,6.0,6.0,6.0,0.0,7.0,7.0,4.0,1.0,3.0,15.0,6.0,8.0,10.0,10.0,10.0,7.0,7.0,-1.0,14.0,3.0,2958.0,3.0,2000.0,39.0,25.0,39.0,49.0,11.0,6.0,11.0,15.0,3312.0,1032.0
12370,2.0,0.0,2.0,2.0,1.0,1.0,1.0,38.0,1.0,6.0,2000.0,2.0,0.0,2.0,6133.0,5801.0,7400.0,0.0,0.0,0.0,0.0,0.0,0.0,0.0,0.0,0.0,2.0,0.0,0.0,-1.0,1.0,1.0,1.0,1.0,1.0,327.0,327.0,-1.0,-1.0,1.0,0.0,1.0,0.0,13.0,13.0,0.0,13.0,6.0,0.0,6.0,11.0,799.0,166.0
1000,21.0,3.0,20.0,18.0,8.0,11.0,15.0,25.0,1.0,15.0,4000.0,36.0,29.0,7.0,63666.0,22009.0,300.0,2.0,2.0,9.0,13.0,20.0,27.0,0.0,27.0,25.0,5.0,1.0,3.0,18.0,3.0,12.0,15.0,23.0,33.0,18.0,18.0,299.0,18.0,3.0,9012.0,1.0,22009.0,20.0,13.0,20.0,13.0,13.0,6.0,13.0,18.0,4649.0,16627.0
27433,3.0,0.0,2.0,2.0,0.0,0.0,1.0,43.0,2.0,14.0,1071.0,36.0,32.0,4.0,17985.0,17985.0,500.0,29.0,0.0,0.0,0.0,1.0,3.0,0.0,32.0,28.0,3.0,0.0,2.0,160.0,0.0,0.0,0.0,2.0,3.0,131.0,131.0,-1.0,131.0,4.0,7600.0,4.0,0.0,24.0,24.0,1.0,46.0,68.0,1.0,68.0,131.0,17638.0,0.0
8184,12.0,3.0,7.0,7.0,3.0,3.0,4.0,30.0,1.0,3.0,1500.0,14.0,6.0,8.0,637893.0,143448.0,400.0,1.0,1.0,1.0,3.0,5.0,5.0,0.0,6.0,5.0,5.0,0.0,1.0,25.0,1.0,1.0,3.0,6.0,6.0,24.0,27.0,-1.0,27.0,2.0,21803.0,5.0,0.0,24.0,24.0,0.0,94.0,84.0,4.0,84.0,25.0,99995.0,2646.0
1272,10.0,2.0,9.0,7.0,2.0,6.0,6.0,53.0,2.0,10.0,1606.0,40.0,33.0,7.0,225568.0,14238.0,500.0,29.0,0.0,2.0,3.0,3.0,4.0,0.0,31.0,14.0,4.0,1.0,6.0,40.0,0.0,4.0,6.0,6.0,7.0,29.0,31.0,29.0,29.0,3.0,8300.0,5.0,700.0,9.0,9.0,8.0,20.0,26.0,26.0,26.0,40.0,18007.0,2317.0
8889,5.0,0.0,3.0,3.0,0.0,1.0,1.0,33.0,1.0,4.0,1000.0,17.0,10.0,7.0,361016.0,8533.0,500.0,10.0,0.0,0.0,0.0,0.0,0.0,0.0,10.0,5.0,5.0,0.0,5.0,48.0,0.0,1.0,1.0,1.0,1.0,17.0,17.0,-1.0,17.0,3.0,1600.0,4.0,0.0,22.0,22.0,3.0,58.0,30.0,10.0,30.0,48.0,8470.0,3834.0
13448,3.0,0.0,2.0,3.0,0.0,0.0,0.0,38.0,1.0,10.0,4000.0,7.0,4.0,3.0,26656.0,24781.0,500.0,4.0,0.0,0.0,0.0,0.0,0.0,0.0,4.0,0.0,3.0,0.0,1.0,801.0,0.0,0.0,0.0,1.0,1.0,14.0,14.0,-1.0,-1.0,1.0,500.0,3.0,0.0,62.0,62.0,4.0,87.0,84.0,5.0,84.0,128.0,2320.0,0.0
29243,3.0,0.0,1.0,1.0,1.0,1.0,1.0,35.0,1.0,11.0,18000.0,12.0,10.0,2.0,18608.0,0.0,400.0,7.0,0.0,1.0,1.0,2.0,3.0,0.0,6.0,4.0,1.0,0.0,1.0,51.0,0.0,2.0,2.0,3.0,4.0,21.0,22.0,-1.0,22.0,0.0,0.0,0.0,0.0,0.0,0.0,0.0,0.0,0.0,0.0,0.0,51.0,0.0,1668.0
32561,14.0,0.0,9.0,6.0,1.0,1.0,2.0,30.0,2.0,20.0,6000.0,31.0,16.0,15.0,113271.0,33511.0,195.0,15.0,0.0,0.0,0.0,1.0,1.0,0.0,7.0,5.0,8.0,2.0,8.0,16.0,1.0,1.0,2.0,4.0,6.0,12.0,12.0,-1.0,12.0,3.0,8718.0,10.0,501.0,58.0,24.0,58.0,133.0,84.0,84.0,84.0,16.0,31625.0,39072.0
24646,21.0,10.0,17.0,15.0,8.0,11.0,11.0,34.0,2.0,10.0,8000.0,54.0,41.0,13.0,66752.0,47217.0,200.0,30.0,8.0,11.0,11.0,11.0,11.0,0.0,36.0,19.0,7.0,1.0,7.0,5.0,8.0,11.0,11.0,11.0,12.0,5.0,5.0,194.0,5.0,1.0,1700.0,12.0,600.0,47.0,47.0,20.0,177.0,29.0,25.0,29.0,5.0,10997.0,483.0
36509,6.0,0.0,6.0,5.0,3.0,3.0,5.0,34.0,1.0,26.0,30000.0,11.0,8.0,3.0,11107.0,0.0,300.0,0.0,0.0,3.0,3.0,7.0,8.0,0.0,7.0,7.0,3.0,0.0,2.0,11.0,2.0,3.0,4.0,8.0,10.0,45.0,45.0,-1.0,45.0,3.0,11023.0,0.0,0.0,0.0,0.0,0.0,0.0,0.0,0.0,0.0,11.0,0.0,3657.0
10876,7.0,0.0,2.0,6.0,0.0,0.0,0.0,39.0,2.0,3.0,1606.0,93.0,87.0,6.0,57008.0,25610.0,2118.0,78.0,0.0,1.0,1.0,3.0,9.0,0.0,78.0,13.0,6.0,0.0,0.0,1794.0,1.0,3.0,3.0,4.0,11.0,3.0,3.0,-1.0,1766.0,0.0,0.0,1.0,0.0,24.0,24.0,0.0,24.0,53.0,8.0,53.0,19.0,25610.0,5591.0
33815,1.0,0.0,1.0,1.0,1.0,1.0,1.0,23.0,1.0,17.0,1606.0,2.0,0.0,2.0,892.0,0.0,500.0,0.0,0.0,0.0,0.0,0.0,0.0,0.0,0.0,0.0,1.0,0.0,1.0,8.0,1.0,1.0,1.0,1.0,1.0,8.0,8.0,-1.0,8.0,1.0,0.0,0.0,0.0,0.0,0.0,0.0,0.0,0.0,0.0,0.0,8.0,0.0,643.0
12093,2.0,1.0,2.0,2.0,2.0,2.0,2.0,60.0,2.0,3.0,1850.0,2.0,1.0,1.0,718.0,0.0,400.0,0.0,0.0,1.0,1.0,1.0,1.0,0.0,1.0,1.0,1.0,0.0,1.0,35.0,0.0,2.0,2.0,2.0,2.0,35.0,35.0,-1.0,35.0,1.0,500.0,0.0,0.0,0.0,0.0,0.0,0.0,0.0,0.0,0.0,35.0,0.0,718.0
23358,11.0,3.0,10.0,10.0,6.0,6.0,8.0,22.0,1.0,10.0,2101.0,28.0,24.0,4.0,17534.0,8789.0,200.0,0.0,1.0,5.0,6.0,19.0,24.0,0.0,24.0,22.0,3.0,0.0,2.0,27.0,2.0,5.0,7.0,21.0,27.0,15.0,15.0,-1.0,15.0,2.0,1200.0,1.0,0.0,6.0,6.0,0.0,6.0,13.0,0.0,13.0,11.0,9280.0,1768.0
33347,42.0,4.0,18.0,9.0,13.0,15.0,18.0,46.0,2.0,12.0,9240.0,73.0,49.0,24.0,127800.0,0.0,50.0,23.0,7.0,12.0,16.0,21.0,26.0,0.0,32.0,29.0,7.0,1.0,18.0,11.0,6.0,9.0,15.0,20.0,28.0,10.0,10.0,-1.0,10.0,1.0,1000.0,0.0,1000.0,13.0,7.0,13.0,38.0,84.0,12.0,0.0,11.0,0.0,4020.0
1252,13.0,0.0,4.0,11.0,1.0,1.0,1.0,54.0,1.0,14.0,15000.0,41.0,29.0,12.0,104188.0,11696.0,1.0,25.0,0.0,1.0,1.0,4.0,4.0,0.0,26.0,11.0,11.0,0.0,2.0,80.0,1.0,1.0,3.0,4.0,6.0,16.0,16.0,-1.0,53.0,2.0,8055.0,3.0,0.0,45.0,32.0,45.0,47.0,37.0,84.0,13.0,22.0,5639.0,8471.0
5312,61.0,4.0,60.0,34.0,5.0,10.0,26.0,32.0,1.0,14.0,5251.0,115.0,101.0,14.0,50095.0,20151.0,200.0,52.0,0.0,4.0,13.0,33.0,49.0,0.0,99.0,90.0,9.0,4.0,6.0,36.0,0.0,7.0,12.0,30.0,56.0,33.0,33.0,40.0,33.0,4.0,20887.0,3.0,21842.0,24.0,24.0,10.0,52.0,84.0,84.0,84.0,36.0,14922.0,16685.0
952,22.0,1.0,15.0,9.0,0.0,0.0,0.0,27.0,1.0,15.0,1000.0,55.0,33.0,22.0,347156.0,331702.0,50.0,32.0,0.0,0.0,0.0,0.0,1.0,0.0,32.0,23.0,11.0,2.0,10.0,929.0,0.0,1.0,1.0,1.0,1.0,3.0,3.0,267.0,33.0,2.0,14960.0,20.0,67700.0,58.0,58.0,22.0,370.0,84.0,84.0,84.0,52.0,282388.0,577.0
15530,10.0,0.0,8.0,6.0,2.0,2.0,5.0,40.0,1.0,8.0,1620.0,23.0,18.0,5.0,16038.0,16038.0,342.0,9.0,0.0,1.0,4.0,8.0,9.0,0.0,14.0,15.0,1.0,0.0,0.0,69.0,0.0,0.0,2.0,8.0,9.0,36.0,36.0,-1.0,36.0,1.0,0.0,1.0,0.0,22.0,18.0,22.0,19.0,13.0,13.0,13.0,69.0,16038.0,0.0
9378,27.0,14.0,25.0,13.0,19.0,22.0,24.0,34.0,2.0,16.0,1000.0,40.0,27.0,13.0,76444.0,70744.0,50.0,6.0,8.0,14.0,15.0,17.0,21.0,0.0,25.0,24.0,9.0,0.0,11.0,8.0,7.0,19.0,22.0,24.0,29.0,8.0,8.0,-1.0,8.0,4.0,3824.0,5.0,0.0,24.0,24.0,13.0,79.0,55.0,55.0,55.0,8.0,25730.0,2191.0
28495,7.0,0.0,7.0,5.0,0.0,1.0,1.0,31.0,1.0,9.0,1606.0,57.0,52.0,5.0,96932.0,0.0,500.0,21.0,1.0,2.0,4.0,14.0,31.0,0.0,50.0,35.0,3.0,2.0,3.0,87.0,1.0,3.0,5.0,7.0,23.0,16.0,16.0,30.0,30.0,1.0,10500.0,0.0,4100.0,14.0,0.0,14.0,0.0,0.0,6.0,0.0,16.0,0.0,12590.0
11963,39.0,4.0,36.0,23.0,14.0,19.0,32.0,28.0,2.0,22.0,11000.0,142.0,130.0,12.0,35200.0,8266.0,50.0,38.0,7.0,18.0,24.0,52.0,92.0,0.0,130.0,119.0,9.0,3.0,10.0,15.0,3.0,11.0,20.0,49.0,95.0,7.0,7.0,29.0,7.0,1.0,4700.0,2.0,10000.0,24.0,24.0,0.0,48.0,13.0,1.0,13.0,15.0,8609.0,14472.0
21069,0.0,0.0,0.0,0.0,0.0,0.0,0.0,23.0,2.0,0.0,0.0,0.0,0.0,0.0,0.0,0.0,0.0,0.0,0.0,0.0,0.0,0.0,0.0,0.0,0.0,0.0,0.0,0.0,0.0,-1.0,0.0,0.0,0.0,0.0,0.0,-1.0,-1.0,-1.0,-1.0,0.0,0.0,0.0,0.0,0.0,0.0,0.0,0.0,0.0,0.0,0.0,-1.0,0.0,0.0
35906,3.0,1.0,3.0,1.0,0.0,0.0,1.0,25.0,1.0,14.0,1606.0,3.0,1.0,2.0,4389.0,3004.0,407.0,0.0,1.0,1.0,1.0,1.0,1.0,0.0,1.0,1.0,1.0,0.0,2.0,140.0,0.0,0.0,0.0,1.0,3.0,16.0,16.0,-1.0,16.0,0.0,0.0,1.0,0.0,7.0,1.0,7.0,1.0,6.0,84.0,6.0,140.0,2880.0,62.0
24379,3.0,0.0,0.0,3.0,0.0,0.0,1.0,48.0,1.0,4.0,2000.0,27.0,24.0,3.0,36938.0,0.0,1996.0,24.0,0.0,0.0,0.0,0.0,0.0,0.0,19.0,13.0,3.0,0.0,1.0,137.0,0.0,1.0,1.0,2.0,3.0,32.0,32.0,-1.0,63.0,0.0,0.0,0.0,0.0,13.0,0.0,13.0,0.0,0.0,36.0,0.0,50.0,0.0,566.0
23518,4.0,0.0,1.0,3.0,0.0,0.0,0.0,33.0,2.0,4.0,1000.0,134.0,129.0,5.0,100865.0,101346.0,310.0,127.0,0.0,0.0,0.0,0.0,2.0,0.0,121.0,89.0,4.0,0.0,0.0,243.0,0.0,0.0,0.0,0.0,2.0,236.0,236.0,-1.0,236.0,0.0,0.0,5.0,0.0,24.0,24.0,11.0,79.0,55.0,53.0,55.0,243.0,77251.0,0.0
30882,23.0,1.0,22.0,18.0,3.0,12.0,16.0,60.0,2.0,22.0,15000.0,28.0,13.0,15.0,129286.0,72168.0,500.0,4.0,1.0,5.0,8.0,9.0,9.0,0.0,13.0,11.0,14.0,1.0,9.0,17.0,6.0,12.0,16.0,23.0,23.0,16.0,17.0,16.0,16.0,7.0,40858.0,2.0,500.0,23.0,23.0,0.0,24.0,47.0,0.0,47.0,17.0,72168.0,33630.0
33998,12.0,0.0,9.0,9.0,6.0,6.0,8.0,20.0,2.0,8.0,1606.0,29.0,21.0,8.0,66763.0,65461.0,200.0,4.0,0.0,4.0,5.0,11.0,17.0,0.0,21.0,18.0,6.0,2.0,4.0,22.0,1.0,3.0,6.0,13.0,18.0,8.0,8.0,44.0,8.0,1.0,290.0,5.0,501.0,25.0,14.0,25.0,43.0,69.0,26.0,69.0,22.0,36301.0,333.0
12758,12.0,0.0,12.0,12.0,6.0,6.0,7.0,28.0,2.0,12.0,1000.0,34.0,23.0,11.0,16463.0,15792.0,500.0,13.0,1.0,1.0,2.0,7.0,10.0,0.0,22.0,21.0,11.0,0.0,9.0,24.0,2.0,5.0,6.0,9.0,14.0,9.0,9.0,421.0,9.0,2.0,4700.0,6.0,0.0,24.0,24.0,12.0,93.0,84.0,13.0,84.0,24.0,6784.0,697.0
4076,10.0,1.0,5.0,9.0,2.0,2.0,3.0,26.0,1.0,6.0,1606.0,31.0,23.0,8.0,36876.0,3118.0,400.0,18.0,0.0,0.0,1.0,1.0,5.0,0.0,20.0,10.0,8.0,0.0,3.0,63.0,0.0,1.0,3.0,4.0,8.0,12.0,12.0,-1.0,17.0,1.0,0.0,7.0,0.0,62.0,62.0,34.0,175.0,6.0,4.0,4.0,45.0,1680.0,1824.0
27321,21.0,1.0,20.0,19.0,0.0,2.0,9.0,33.0,1.0,6.0,1000.0,107.0,96.0,11.0,92613.0,113253.0,300.0,77.0,6.0,7.0,9.0,14.0,19.0,0.0,95.0,78.0,9.0,1.0,7.0,83.0,0.0,0.0,3.0,12.0,21.0,27.0,27.0,28.0,27.0,5.0,24238.0,8.0,1000.0,23.0,23.0,12.0,75.0,27.0,84.0,27.0,83.0,81671.0,798.0
19077,12.0,1.0,11.0,1.0,1.0,1.0,1.0,41.0,1.0,10.0,1606.0,16.0,5.0,11.0,505733.0,221621.0,1200.0,1.0,0.0,1.0,1.0,1.0,4.0,1.0,4.0,4.0,0.0,9.0,2.0,36.0,0.0,1.0,1.0,1.0,5.0,31.0,31.0,32.0,31.0,1.0,25346.0,8.0,226846.0,24.0,24.0,0.0,119.0,84.0,0.0,84.0,36.0,222205.0,3208.0
17951,3.0,0.0,3.0,1.0,0.0,0.0,0.0,20.0,1.0,10.0,4000.0,49.0,43.0,6.0,13784.0,13784.0,500.0,23.0,0.0,0.0,0.0,0.0,20.0,0.0,40.0,32.0,5.0,1.0,4.0,251.0,0.0,0.0,0.0,0.0,19.0,236.0,236.0,241.0,236.0,1.0,7300.0,2.0,6800.0,8.0,8.0,5.0,20.0,8.0,84.0,8.0,251.0,12981.0,0.0
35813,44.0,0.0,41.0,26.0,7.0,14.0,18.0,39.0,2.0,17.0,5000.0,117.0,100.0,17.0,210656.0,173823.0,96.0,30.0,1.0,6.0,17.0,36.0,70.0,0.0,97.0,81.0,12.0,4.0,9.0,28.0,3.0,8.0,20.0,39.0,80.0,7.0,7.0,9.0,7.0,1.0,10300.0,2.0,22150.0,20.0,20.0,13.0,29.0,13.0,84.0,13.0,19.0,147187.0,22643.0
18849,5.0,0.0,2.0,2.0,0.0,0.0,0.0,46.0,1.0,1.0,1606.0,13.0,8.0,5.0,1690068.0,368648.0,600.0,7.0,0.0,0.0,0.0,0.0,1.0,0.0,7.0,5.0,2.0,0.0,2.0,670.0,0.0,0.0,0.0,0.0,0.0,233.0,567.0,-1.0,567.0,1.0,0.0,4.0,0.0,24.0,24.0,1.0,81.0,84.0,1.0,84.0,670.0,30736.0,1324.0
4633,28.0,5.0,18.0,19.0,0.0,14.0,18.0,20.0,2.0,10.0,4000.0,66.0,55.0,11.0,41875.0,0.0,500.0,3.0,3.0,5.0,12.0,29.0,52.0,0.0,49.0,51.0,7.0,1.0,8.0,4.0,3.0,8.0,16.0,34.0,60.0,4.0,4.0,40.0,4.0,3.0,10368.0,0.0,1000.0,1.0,0.0,1.0,0.0,0.0,4.0,0.0,4.0,0.0,5833.0
13550,3.0,0.0,3.0,3.0,3.0,3.0,3.0,28.0,1.0,6.0,1606.0,3.0,2.0,1.0,1733.0,0.0,300.0,0.0,1.0,2.0,2.0,2.0,2.0,0.0,2.0,2.0,1.0,0.0,0.0,31.0,1.0,3.0,3.0,3.0,3.0,22.0,22.0,-1.0,22.0,1.0,0.0,0.0,0.0,0.0,0.0,0.0,0.0,0.0,0.0,0.0,5.0,0.0,437.0
26357,8.0,5.0,7.0,8.0,5.0,5.0,7.0,22.0,1.0,8.0,15000.0,14.0,11.0,3.0,19048.0,4405.0,400.0,3.0,1.0,2.0,6.0,6.0,8.0,0.0,11.0,9.0,2.0,1.0,1.0,21.0,1.0,2.0,6.0,8.0,9.0,21.0,21.0,424.0,21.0,1.0,1100.0,1.0,4100.0,5.0,5.0,3.0,5.0,13.0,3.0,13.0,21.0,4405.0,2165.0
1484,9.0,0.0,6.0,5.0,0.0,0.0,1.0,41.0,1.0,9.0,2000.0,31.0,23.0,8.0,354434.0,61128.0,500.0,21.0,0.0,1.0,1.0,2.0,2.0,0.0,19.0,17.0,5.0,0.0,3.0,252.0,0.0,1.0,1.0,2.0,6.0,11.0,22.0,-1.0,252.0,2.0,4660.0,5.0,0.0,24.0,24.0,15.0,62.0,45.0,23.0,45.0,40.0,37714.0,2572.0
21494,5.0,1.0,4.0,4.0,3.0,3.0,3.0,44.0,1.0,6.0,2000.0,7.0,2.0,5.0,323175.0,1646.0,400.0,1.0,1.0,1.0,1.0,1.0,1.0,0.0,2.0,2.0,4.0,0.0,4.0,4.0,3.0,3.0,3.0,3.0,3.0,4.0,4.0,-1.0,4.0,3.0,1700.0,2.0,0.0,21.0,21.0,0.0,33.0,23.0,0.0,23.0,4.0,1586.0,4304.0
16654,8.0,0.0,5.0,5.0,0.0,1.0,2.0,34.0,2.0,6.0,4000.0,22.0,17.0,5.0,102320.0,29261.0,1400.0,5.0,1.0,1.0,3.0,6.0,12.0,0.0,17.0,11.0,4.0,1.0,1.0,25.0,1.0,1.0,3.0,6.0,14.0,8.0,8.0,298.0,68.0,1.0,2500.0,2.0,10325.0,6.0,6.0,1.0,9.0,13.0,60.0,13.0,25.0,32166.0,9982.0
11046,7.0,2.0,7.0,3.0,3.0,3.0,3.0,22.0,1.0,4.0,1000.0,10.0,4.0,6.0,33106.0,30257.0,229.0,1.0,2.0,2.0,2.0,2.0,3.0,0.0,3.0,2.0,1.0,1.0,4.0,14.0,2.0,3.0,3.0,4.0,4.0,25.0,25.0,167.0,25.0,1.0,1300.0,4.0,27262.0,12.0,12.0,0.0,34.0,13.0,0.0,13.0,14.0,30429.0,1409.0
19394,5.0,4.0,5.0,5.0,5.0,5.0,5.0,18.0,2.0,16.0,1500.0,5.0,4.0,1.0,926.0,0.0,400.0,0.0,2.0,4.0,4.0,4.0,4.0,0.0,4.0,4.0,1.0,0.0,1.0,8.0,2.0,5.0,5.0,5.0,5.0,8.0,8.0,-1.0,8.0,1.0,900.0,0.0,0.0,0.0,0.0,0.0,0.0,0.0,0.0,0.0,8.0,0.0,926.0
21011,5.0,0.0,3.0,2.0,0.0,0.0,0.0,41.0,2.0,6.0,40000.0,50.0,43.0,7.0,27344.0,13745.0,500.0,42.0,0.0,0.0,0.0,1.0,1.0,0.0,43.0,9.0,4.0,0.0,2.0,1030.0,1.0,1.0,1.0,2.0,3.0,5.0,5.0,-1.0,680.0,1.0,0.0,3.0,0.0,61.0,61.0,2.0,147.0,70.0,13.0,70.0,30.0,12440.0,3280.0
35425,7.0,5.0,6.0,6.0,5.0,6.0,7.0,19.0,2.0,3.0,15000.0,7.0,5.0,2.0,1988.0,0.0,400.0,0.0,2.0,3.0,5.0,5.0,5.0,0.0,5.0,5.0,1.0,0.0,2.0,15.0,2.0,3.0,6.0,7.0,7.0,3.0,15.0,-1.0,3.0,1.0,700.0,0.0,0.0,0.0,0.0,0.0,0.0,0.0,0.0,0.0,15.0,0.0,1208.0
25940,20.0,8.0,17.0,1.0,11.0,11.0,15.0,34.0,1.0,10.0,1000.0,29.0,22.0,7.0,400177.0,69225.0,100.0,9.0,0.0,3.0,9.0,13.0,13.0,0.0,16.0,19.0,5.0,1.0,4.0,7.0,1.0,5.0,12.0,17.0,17.0,13.0,13.0,448.0,34.0,1.0,1200.0,1.0,1700.0,48.0,18.0,48.0,25.0,13.0,13.0,13.0,7.0,67744.0,4067.0
29003,17.0,1.0,15.0,8.0,2.0,4.0,7.0,41.0,1.0,19.0,5000.0,28.0,18.0,10.0,18080.0,21249.0,400.0,6.0,1.0,2.0,3.0,9.0,12.0,0.0,14.0,17.0,5.0,3.0,8.0,20.0,1.0,3.0,4.0,7.0,17.0,25.0,25.0,28.0,25.0,3.0,2900.0,1.0,8500.0,24.0,24.0,23.0,24.0,53.0,84.0,53.0,20.0,1016.0,4765.0
29392,7.0,0.0,6.0,2.0,0.0,0.0,0.0,32.0,1.0,12.0,1500.0,8.0,1.0,7.0,42888.0,39868.0,482.0,1.0,0.0,0.0,0.0,0.0,0.0,0.0,1.0,0.0,4.0,2.0,6.0,273.0,0.0,0.0,0.0,0.0,2.0,35.0,35.0,35.0,35.0,0.0,0.0,7.0,2100.0,24.0,24.0,0.0,72.0,84.0,0.0,84.0,273.0,9534.0,0.0
1452,8.0,0.0,3.0,5.0,0.0,0.0,2.0,44.0,1.0,13.0,4000.0,28.0,18.0,10.0,69932.0,78563.0,300.0,13.0,0.0,0.0,0.0,5.0,5.0,0.0,12.0,9.0,5.0,1.0,3.0,119.0,0.0,0.0,0.0,8.0,8.0,42.0,45.0,897.0,119.0,3.0,4572.0,8.0,15600.0,56.0,56.0,25.0,187.0,84.0,84.0,84.0,119.0,50945.0,380.0
11726,6.0,1.0,5.0,1.0,0.0,0.0,1.0,32.0,1.0,2.0,2500.0,10.0,4.0,6.0,374525.0,113701.0,300.0,0.0,0.0,0.0,1.0,1.0,4.0,0.0,4.0,4.0,1.0,0.0,1.0,182.0,0.0,0.0,0.0,0.0,4.0,53.0,76.0,-1.0,53.0,1.0,24583.0,5.0,0.0,24.0,24.0,2.0,69.0,84.0,13.0,84.0,182.0,158686.0,0.0
20177,10.0,3.0,10.0,5.0,4.0,4.0,5.0,32.0,2.0,7.0,2626.0,58.0,48.0,10.0,26813.0,15433.0,50.0,37.0,1.0,2.0,3.0,6.0,11.0,0.0,34.0,20.0,8.0,0.0,6.0,16.0,1.0,3.0,4.0,7.0,14.0,16.0,16.0,-1.0,16.0,2.0,1500.0,7.0,0.0,17.0,17.0,6.0,67.0,13.0,6.0,12.0,16.0,22981.0,2249.0
8406,8.0,2.0,5.0,5.0,1.0,3.0,3.0,48.0,2.0,6.0,2000.0,13.0,5.0,8.0,123201.0,18653.0,1950.0,2.0,2.0,2.0,2.0,2.0,3.0,0.0,4.0,2.0,5.0,1.0,1.0,12.0,2.0,3.0,4.0,4.0,6.0,12.0,12.0,-1.0,12.0,2.0,3276.0,2.0,500.0,24.0,24.0,0.0,47.0,13.0,0.0,13.0,12.0,18653.0,5466.0
36684,8.0,0.0,8.0,5.0,2.0,5.0,7.0,23.0,1.0,10.0,1000.0,9.0,1.0,8.0,23050.0,0.0,500.0,1.0,0.0,0.0,0.0,0.0,0.0,0.0,0.0,1.0,5.0,3.0,5.0,52.0,0.0,2.0,4.0,7.0,7.0,37.0,37.0,44.0,48.0,1.0,0.0,0.0,26300.0,0.0,0.0,0.0,0.0,0.0,0.0,0.0,48.0,0.0,3111.0
28377,7.0,0.0,2.0,3.0,0.0,0.0,0.0,38.0,2.0,3.0,1000.0,79.0,70.0,9.0,98782.0,98781.0,399.0,70.0,0.0,0.0,0.0,0.0,0.0,0.0,47.0,41.0,6.0,0.0,4.0,469.0,0.0,0.0,0.0,0.0,0.0,450.0,450.0,-1.0,450.0,3.0,4151.0,9.0,0.0,24.0,24.0,10.0,159.0,54.0,53.0,54.0,469.0,88943.0,0.0
23063,1.0,0.0,1.0,1.0,0.0,0.0,0.0,31.0,2.0,10.0,4000.0,49.0,47.0,2.0,14776.0,0.0,193.0,45.0,0.0,0.0,0.0,1.0,2.0,0.0,47.0,30.0,2.0,0.0,1.0,180.0,0.0,0.0,0.0,1.0,2.0,7.0,7.0,-1.0,119.0,1.0,3900.0,0.0,0.0,0.0,0.0,0.0,0.0,0.0,2.0,0.0,180.0,0.0,5597.0
33461,2.0,0.0,1.0,1.0,0.0,0.0,0.0,27.0,2.0,3.0,1000.0,18.0,16.0,2.0,9667.0,9619.0,1205.0,15.0,0.0,0.0,0.0,0.0,1.0,0.0,16.0,8.0,1.0,0.0,2.0,343.0,0.0,0.0,0.0,0.0,1.0,15.0,350.0,-1.0,15.0,1.0,4000.0,1.0,0.0,14.0,8.0,14.0,9.0,43.0,84.0,23.0,343.0,9619.0,49.0
13784,11.0,0.0,3.0,11.0,0.0,0.0,0.0,46.0,2.0,7.0,1071.0,16.0,5.0,11.0,469166.0,283676.0,180.0,4.0,0.0,0.0,0.0,0.0,1.0,0.0,5.0,0.0,11.0,0.0,2.0,541.0,1.0,1.0,1.0,1.0,3.0,14.0,14.0,-1.0,515.0,0.0,0.0,4.0,0.0,10.0,10.0,0.0,17.0,13.0,1.0,13.0,27.0,284391.0,5279.0
10775,13.0,0.0,8.0,7.0,1.0,1.0,1.0,33.0,2.0,18.0,15000.0,23.0,6.0,17.0,115488.0,53539.0,300.0,0.0,0.0,0.0,0.0,1.0,6.0,0.0,6.0,3.0,11.0,4.0,7.0,10.0,1.0,2.0,2.0,4.0,17.0,11.0,11.0,67.0,93.0,1.0,400.0,6.0,9600.0,27.0,27.0,0.0,61.0,24.0,1.0,24.0,10.0,30913.0,2239.0
8442,15.0,3.0,15.0,11.0,3.0,6.0,6.0,23.0,1.0,15.0,2000.0,26.0,8.0,18.0,22646.0,20351.0,200.0,0.0,1.0,4.0,4.0,7.0,8.0,0.0,8.0,8.0,9.0,0.0,18.0,20.0,1.0,5.0,6.0,7.0,10.0,20.0,20.0,-1.0,20.0,2.0,2700.0,17.0,0.0,3.0,3.0,0.0,35.0,13.0,0.0,13.0,20.0,3475.0,2295.0
36238,15.0,0.0,10.0,4.0,1.0,1.0,3.0,26.0,2.0,4.0,6000.0,73.0,58.0,15.0,173792.0,84436.0,530.0,39.0,0.0,0.0,2.0,5.0,19.0,0.0,53.0,14.0,5.0,2.0,5.0,43.0,0.0,1.0,2.0,6.0,16.0,7.0,7.0,20.0,20.0,4.0,34906.0,7.0,16000.0,24.0,24.0,24.0,79.0,13.0,18.0,13.0,43.0,84436.0,7327.0
11363,3.0,0.0,2.0,0.0,0.0,0.0,1.0,18.0,1.0,8.0,1000.0,3.0,0.0,3.0,2690.0,0.0,1000.0,0.0,0.0,0.0,0.0,0.0,0.0,0.0,0.0,0.0,0.0,3.0,3.0,146.0,0.0,0.0,0.0,1.0,3.0,21.0,-1.0,21.0,21.0,0.0,0.0,0.0,4700.0,0.0,0.0,0.0,0.0,0.0,0.0,0.0,146.0,0.0,99.0
24345,19.0,1.0,19.0,10.0,0.0,2.0,2.0,47.0,2.0,28.0,13000.0,64.0,55.0,9.0,97388.0,0.0,1800.0,13.0,1.0,5.0,7.0,20.0,42.0,0.0,53.0,30.0,7.0,2.0,1.0,25.0,3.0,7.0,11.0,22.0,44.0,20.0,20.0,50.0,20.0,4.0,30500.0,0.0,9000.0,1.0,0.0,1.0,0.0,0.0,1.0,0.0,5.0,0.0,85587.0
35997,7.0,2.0,6.0,4.0,1.0,4.0,4.0,36.0,1.0,15.0,8000.0,18.0,12.0,6.0,1700972.0,16012.0,294.0,3.0,1.0,2.0,3.0,6.0,9.0,0.0,9.0,9.0,3.0,2.0,2.0,18.0,1.0,2.0,4.0,8.0,13.0,18.0,18.0,46.0,18.0,2.0,8501.0,2.0,8601.0,14.0,14.0,0.0,15.0,16.0,13.0,16.0,18.0,16012.0,22242.0
9981,4.0,1.0,2.0,2.0,1.0,1.0,1.0,37.0,1.0,7.0,10000.0,10.0,7.0,3.0,28079.0,22494.0,219.0,6.0,1.0,1.0,1.0,1.0,1.0,0.0,4.0,4.0,1.0,1.0,0.0,22.0,1.0,1.0,1.0,1.0,1.0,10.0,10.0,254.0,10.0,0.0,0.0,3.0,7455.0,56.0,56.0,1.0,69.0,84.0,13.0,84.0,22.0,11443.0,0.0
34636,3.0,0.0,1.0,3.0,0.0,0.0,0.0,36.0,1.0,5.0,1000.0,7.0,3.0,4.0,64263.0,46574.0,300.0,3.0,0.0,0.0,0.0,0.0,0.0,0.0,3.0,2.0,3.0,0.0,2.0,368.0,0.0,0.0,0.0,0.0,0.0,25.0,25.0,-1.0,25.0,2.0,45515.0,3.0,0.0,38.0,38.0,2.0,97.0,16.0,1.0,16.0,368.0,45187.0,599.0
11120,1.0,0.0,0.0,0.0,0.0,0.0,0.0,20.0,1.0,4.0,1620.0,2.0,1.0,1.0,5742.0,0.0,6162.0,1.0,0.0,0.0,0.0,0.0,0.0,0.0,1.0,0.0,1.0,0.0,0.0,-1.0,0.0,0.0,0.0,1.0,1.0,18.0,18.0,-1.0,-1.0,0.0,0.0,0.0,0.0,0.0,0.0,0.0,0.0,0.0,0.0,0.0,103.0,0.0,198.0
16714,7.0,3.0,6.0,4.0,3.0,3.0,4.0,30.0,1.0,3.0,1850.0,10.0,6.0,4.0,421310.0,8142.0,400.0,0.0,1.0,2.0,3.0,6.0,6.0,0.0,6.0,6.0,1.0,1.0,1.0,17.0,1.0,2.0,3.0,7.0,7.0,17.0,17.0,262.0,17.0,1.0,1000.0,1.0,16600.0,5.0,5.0,0.0,5.0,5.0,0.0,5.0,17.0,8878.0,3833.0
14045,13.0,4.0,9.0,11.0,6.0,6.0,8.0,35.0,2.0,9.0,1606.0,23.0,15.0,8.0,475391.0,29012.0,300.0,2.0,1.0,4.0,5.0,13.0,13.0,0.0,15.0,13.0,5.0,1.0,2.0,18.0,1.0,3.0,6.0,14.0,15.0,18.0,18.0,574.0,18.0,1.0,1000.0,4.0,19600.0,24.0,24.0,0.0,41.0,32.0,6.0,13.0,18.0,29012.0,3472.0
27071,14.0,0.0,13.0,3.0,0.0,0.0,0.0,52.0,2.0,8.0,2000.0,47.0,30.0,17.0,165546.0,145275.0,122.0,30.0,0.0,0.0,0.0,0.0,0.0,0.0,28.0,26.0,5.0,6.0,6.0,447.0,0.0,0.0,0.0,0.0,0.0,34.0,34.0,54.0,447.0,5.0,21550.0,14.0,85575.0,24.0,24.0,15.0,161.0,69.0,84.0,69.0,447.0,109766.0,79.0
20206,2.0,0.0,0.0,1.0,0.0,0.0,0.0,43.0,1.0,14.0,2000.0,15.0,12.0,3.0,9373.0,0.0,177.0,11.0,0.0,0.0,0.0,1.0,1.0,0.0,8.0,4.0,1.0,0.0,1.0,222.0,0.0,0.0,0.0,0.0,3.0,16.0,16.0,-1.0,16.0,0.0,0.0,0.0,0.0,0.0,0.0,0.0,0.0,0.0,11.0,0.0,222.0,0.0,327.0
15595,38.0,2.0,19.0,16.0,1.0,8.0,18.0,31.0,1.0,18.0,4000.0,63.0,36.0,27.0,550866.0,7525.0,67.0,6.0,1.0,4.0,4.0,26.0,30.0,0.0,34.0,35.0,23.0,3.0,25.0,18.0,2.0,5.0,8.0,26.0,37.0,18.0,18.0,47.0,18.0,2.0,7750.0,18.0,33000.0,7.0,7.0,0.0,121.0,84.0,11.0,84.0,18.0,183.0,11215.0
20618,11.0,0.0,11.0,4.0,1.0,3.0,5.0,46.0,2.0,11.0,2000.0,20.0,9.0,11.0,259419.0,241393.0,500.0,6.0,0.0,0.0,1.0,3.0,3.0,0.0,7.0,4.0,4.0,4.0,6.0,29.0,1.0,3.0,3.0,6.0,7.0,15.0,16.0,15.0,15.0,4.0,142975.0,7.0,33231.0,23.0,23.0,7.0,84.0,48.0,84.0,48.0,29.0,234969.0,1200.0
20008,5.0,3.0,5.0,5.0,5.0,5.0,5.0,37.0,2.0,15.0,2000.0,7.0,5.0,2.0,2866.0,0.0,400.0,2.0,2.0,3.0,3.0,3.0,3.0,0.0,3.0,3.0,2.0,0.0,2.0,21.0,2.0,4.0,5.0,5.0,5.0,16.0,16.0,-1.0,16.0,1.0,900.0,0.0,0.0,0.0,0.0,0.0,0.0,0.0,24.0,0.0,21.0,0.0,2866.0
32484,1.0,0.0,1.0,1.0,0.0,0.0,0.0,30.0,1.0,5.0,1071.0,1.0,0.0,1.0,5911.0,0.0,7726.0,0.0,0.0,0.0,0.0,0.0,0.0,0.0,0.0,0.0,1.0,0.0,0.0,-1.0,0.0,1.0,1.0,1.0,1.0,17.0,17.0,-1.0,-1.0,0.0,0.0,0.0,0.0,0.0,0.0,0.0,0.0,0.0,0.0,0.0,58.0,0.0,990.0
1973,3.0,0.0,2.0,0.0,1.0,1.0,1.0,59.0,1.0,2.0,2000.0,4.0,1.0,3.0,235831.0,0.0,2000.0,1.0,0.0,0.0,0.0,0.0,0.0,0.0,1.0,1.0,0.0,1.0,0.0,1043.0,0.0,1.0,1.0,1.0,1.0,39.0,409.0,-1.0,409.0,1.0,0.0,0.0,5000.0,23.0,0.0,23.0,0.0,0.0,84.0,0.0,36.0,0.0,2405.0
13442,6.0,0.0,6.0,3.0,3.0,4.0,5.0,45.0,1.0,10.0,4000.0,7.0,2.0,5.0,6186.0,0.0,500.0,0.0,0.0,1.0,1.0,2.0,2.0,0.0,2.0,2.0,3.0,1.0,3.0,8.0,3.0,3.0,4.0,6.0,6.0,11.0,11.0,-1.0,55.0,3.0,4727.0,0.0,500.0,0.0,0.0,0.0,0.0,0.0,0.0,0.0,8.0,0.0,3495.0
6943,9.0,5.0,9.0,7.0,7.0,7.0,7.0,50.0,1.0,10.0,2000.0,15.0,9.0,6.0,22912.0,22219.0,500.0,4.0,3.0,4.0,5.0,5.0,5.0,0.0,8.0,6.0,4.0,0.0,3.0,19.0,2.0,4.0,7.0,7.0,7.0,16.0,16.0,-1.0,16.0,1.0,600.0,2.0,0.0,68.0,68.0,1.0,131.0,84.0,15.0,84.0,19.0,22219.0,693.0
33756,3.0,1.0,2.0,3.0,2.0,2.0,2.0,19.0,1.0,8.0,1000.0,3.0,1.0,2.0,7271.0,113.0,400.0,0.0,1.0,1.0,1.0,1.0,1.0,0.0,1.0,1.0,2.0,0.0,1.0,24.0,1.0,2.0,2.0,2.0,3.0,19.0,19.0,-1.0,24.0,0.0,0.0,1.0,0.0,19.0,19.0,0.0,19.0,5.0,0.0,1.0,24.0,113.0,943.0
34461,15.0,1.0,13.0,12.0,1.0,6.0,10.0,41.0,2.0,8.0,2000.0,26.0,16.0,10.0,189247.0,142582.0,200.0,2.0,1.0,4.0,6.0,13.0,14.0,0.0,16.0,14.0,6.0,2.0,5.0,22.0,1.0,6.0,7.0,15.0,19.0,13.0,13.0,1770.0,13.0,1.0,4900.0,5.0,57000.0,24.0,24.0,8.0,102.0,13.0,6.0,13.0,22.0,130432.0,8379.0
22961,8.0,0.0,6.0,4.0,0.0,0.0,0.0,29.0,2.0,5.0,2000.0,16.0,9.0,7.0,65146.0,68808.0,300.0,9.0,0.0,0.0,0.0,0.0,0.0,0.0,9.0,2.0,5.0,2.0,3.0,370.0,0.0,0.0,0.0,0.0,0.0,300.0,300.0,638.0,370.0,1.0,300.0,6.0,601.0,53.0,53.0,48.0,145.0,78.0,12.0,78.0,370.0,78549.0,0.0
29956,13.0,5.0,13.0,11.0,7.0,11.0,13.0,20.0,1.0,22.0,15000.0,14.0,6.0,8.0,5583.0,0.0,300.0,0.0,2.0,3.0,4.0,6.0,6.0,0.0,6.0,6.0,7.0,1.0,8.0,20.0,2.0,6.0,11.0,14.0,14.0,20.0,20.0,20.0,20.0,2.0,1300.0,0.0,650.0,0.0,0.0,0.0,0.0,0.0,0.0,0.0,20.0,0.0,4253.0
4466,16.0,1.0,15.0,5.0,2.0,2.0,4.0,30.0,1.0,17.0,4000.0,39.0,25.0,14.0,82067.0,69799.0,50.0,23.0,1.0,1.0,2.0,2.0,2.0,0.0,24.0,23.0,10.0,4.0,10.0,21.0,1.0,2.0,2.0,4.0,4.0,19.0,19.0,40.0,19.0,7.0,9730.0,12.0,30350.0,24.0,24.0,8.0,235.0,33.0,33.0,33.0,21.0,52993.0,2940.0
25921,12.0,4.0,9.0,7.0,5.0,6.0,6.0,50.0,2.0,12.0,2000.0,23.0,16.0,7.0,46926.0,39846.0,437.0,9.0,3.0,4.0,5.0,5.0,7.0,0.0,15.0,6.0,3.0,1.0,3.0,12.0,3.0,6.0,7.0,7.0,9.0,6.0,6.0,1456.0,12.0,1.0,600.0,3.0,1.0,24.0,24.0,0.0,64.0,43.0,38.0,37.0,12.0,39846.0,2882.0
25137,5.0,0.0,5.0,1.0,0.0,0.0,1.0,54.0,2.0,7.0,1000.0,17.0,11.0,6.0,36942.0,5810.0,1325.0,11.0,0.0,0.0,0.0,0.0,0.0,0.0,10.0,0.0,3.0,0.0,1.0,99.0,1.0,1.0,1.0,2.0,2.0,72.0,72.0,-1.0,72.0,2.0,7000.0,1.0,0.0,23.0,23.0,0.0,23.0,13.0,13.0,13.0,3.0,6268.0,1542.0
24945,12.0,4.0,12.0,11.0,5.0,10.0,11.0,26.0,1.0,9.0,1606.0,12.0,8.0,4.0,4366.0,0.0,1050.0,0.0,4.0,6.0,8.0,8.0,8.0,0.0,8.0,8.0,3.0,1.0,4.0,12.0,4.0,8.0,10.0,11.0,12.0,12.0,12.0,54.0,12.0,2.0,2655.0,0.0,1500.0,0.0,0.0,0.0,0.0,0.0,0.0,0.0,12.0,0.0,2317.0
31520,13.0,1.0,6.0,8.0,0.0,0.0,0.0,41.0,2.0,5.0,1000.0,48.0,36.0,12.0,90028.0,86929.0,300.0,31.0,0.0,0.0,1.0,1.0,5.0,0.0,34.0,11.0,8.0,0.0,7.0,200.0,0.0,0.0,0.0,0.0,6.0,14.0,201.0,-1.0,201.0,6.0,13900.0,10.0,0.0,61.0,61.0,6.0,312.0,84.0,6.0,84.0,200.0,26540.0,473.0
17694,2.0,0.0,2.0,2.0,2.0,2.0,2.0,30.0,1.0,4.0,1000.0,7.0,7.0,0.0,0.0,0.0,300.0,5.0,1.0,2.0,2.0,2.0,2.0,0.0,6.0,3.0,0.0,0.0,0.0,29.0,1.0,2.0,2.0,2.0,2.0,24.0,24.0,-1.0,24.0,0.0,0.0,0.0,0.0,0.0,0.0,0.0,0.0,0.0,1.0,0.0,29.0,0.0,0.0
34433,8.0,2.0,8.0,6.0,3.0,3.0,7.0,30.0,2.0,5.0,1000.0,12.0,8.0,4.0,18554.0,28739.0,400.0,2.0,1.0,3.0,5.0,5.0,6.0,0.0,6.0,7.0,1.0,2.0,3.0,27.0,1.0,1.0,3.0,7.0,8.0,8.0,8.0,35.0,8.0,0.0,0.0,3.0,1000.0,15.0,15.0,13.0,18.0,13.0,13.0,13.0,27.0,17489.0,114.0
27444,13.0,0.0,4.0,11.0,0.0,0.0,0.0,43.0,2.0,6.0,3000.0,201.0,185.0,16.0,378583.0,55012.0,400.0,174.0,0.0,0.0,0.0,2.0,11.0,0.0,157.0,136.0,13.0,2.0,8.0,209.0,0.0,0.0,0.0,0.0,7.0,13.0,13.0,67.0,13.0,1.0,700.0,5.0,4000.0,47.0,23.0,47.0,87.0,37.0,4.0,37.0,209.0,54612.0,766.0
19712,27.0,13.0,27.0,18.0,8.0,17.0,27.0,30.0,1.0,16.0,2500.0,73.0,66.0,7.0,17304.0,0.0,50.0,4.0,4.0,14.0,17.0,32.0,62.0,0.0,66.0,64.0,7.0,0.0,7.0,16.0,1.0,12.0,17.0,37.0,68.0,16.0,16.0,-1.0,16.0,3.0,7900.0,0.0,0.0,89.0,0.0,89.0,0.0,0.0,84.0,0.0,16.0,0.0,17022.0
17833,6.0,2.0,4.0,3.0,2.0,3.0,3.0,27.0,1.0,11.0,15000.0,6.0,3.0,3.0,8542.0,0.0,750.0,0.0,1.0,3.0,3.0,3.0,3.0,0.0,3.0,3.0,2.0,0.0,1.0,22.0,1.0,3.0,4.0,4.0,6.0,22.0,22.0,-1.0,22.0,2.0,2200.0,0.0,0.0,0.0,0.0,0.0,0.0,0.0,0.0,0.0,22.0,0.0,3248.0
26091,17.0,0.0,13.0,1.0,2.0,4.0,8.0,38.0,2.0,12.0,5000.0,70.0,55.0,15.0,59114.0,40736.0,678.0,38.0,0.0,0.0,3.0,6.0,17.0,0.0,54.0,52.0,8.0,1.0,10.0,28.0,1.0,2.0,4.0,9.0,20.0,61.0,61.0,575.0,61.0,3.0,5250.0,12.0,1.0,15.0,15.0,1.0,44.0,84.0,5.0,84.0,28.0,40501.0,961.0
35058,11.0,0.0,10.0,6.0,0.0,0.0,0.0,27.0,2.0,7.0,8000.0,35.0,22.0,13.0,78171.0,80385.0,400.0,21.0,0.0,0.0,0.0,0.0,1.0,0.0,22.0,18.0,9.0,1.0,9.0,368.0,0.0,0.0,0.0,0.0,2.0,16.0,16.0,755.0,276.0,7.0,8145.0,10.0,8000.0,39.0,24.0,39.0,185.0,29.0,16.0,29.0,221.0,74058.0,564.0
10096,15.0,3.0,13.0,6.0,2.0,7.0,8.0,27.0,1.0,23.0,4000.0,29.0,17.0,12.0,69235.0,15593.0,300.0,11.0,2.0,4.0,4.0,4.0,6.0,0.0,11.0,10.0,7.0,2.0,7.0,13.0,3.0,6.0,7.0,8.0,11.0,6.0,6.0,12.0,6.0,3.0,11491.0,1.0,19000.0,37.0,4.0,37.0,17.0,13.0,84.0,13.0,13.0,168.0,40061.0
4578,7.0,0.0,6.0,4.0,0.0,0.0,0.0,31.0,1.0,8.0,5000.0,26.0,19.0,7.0,44170.0,76856.0,300.0,16.0,0.0,0.0,0.0,0.0,3.0,0.0,18.0,16.0,5.0,1.0,4.0,253.0,1.0,1.0,1.0,1.0,3.0,15.0,15.0,580.0,201.0,4.0,12648.0,6.0,500.0,24.0,24.0,16.0,53.0,24.0,84.0,24.0,29.0,33257.0,171.0
10523,9.0,0.0,5.0,4.0,1.0,1.0,1.0,33.0,2.0,7.0,2000.0,29.0,20.0,9.0,84497.0,76674.0,400.0,20.0,0.0,0.0,0.0,0.0,0.0,0.0,16.0,2.0,4.0,0.0,4.0,9.0,1.0,1.0,1.0,1.0,4.0,35.0,42.0,1467.0,42.0,1.0,400.0,7.0,0.0,24.0,24.0,10.0,70.0,13.0,10.0,13.0,9.0,60884.0,400.0
20043,3.0,2.0,3.0,3.0,3.0,3.0,3.0,36.0,1.0,12.0,3500.0,4.0,3.0,1.0,1132.0,0.0,500.0,0.0,2.0,2.0,2.0,2.0,3.0,0.0,2.0,2.0,1.0,0.0,1.0,4.0,3.0,3.0,3.0,3.0,3.0,5.0,5.0,-1.0,5.0,1.0,1100.0,0.0,0.0,0.0,0.0,0.0,0.0,0.0,0.0,0.0,4.0,0.0,1132.0
33933,18.0,0.0,14.0,15.0,0.0,4.0,12.0,22.0,2.0,4.0,1000.0,36.0,25.0,11.0,44946.0,636.0,400.0,4.0,3.0,5.0,6.0,11.0,21.0,0.0,23.0,23.0,8.0,2.0,8.0,31.0,0.0,1.0,5.0,13.0,28.0,20.0,20.0,30.0,20.0,0.0,0.0,3.0,3000.0,39.0,39.0,28.0,74.0,4.0,3.0,2.0,31.0,318.0,8313.0
29254,4.0,0.0,4.0,3.0,3.0,3.0,3.0,45.0,2.0,13.0,2000.0,33.0,30.0,3.0,44631.0,43037.0,750.0,28.0,2.0,2.0,2.0,2.0,2.0,0.0,30.0,17.0,2.0,1.0,0.0,28.0,2.0,3.0,3.0,3.0,3.0,20.0,20.0,-1.0,20.0,2.0,37757.0,2.0,1.0,24.0,24.0,8.0,32.0,53.0,53.0,53.0,20.0,38285.0,797.0
2706,7.0,2.0,7.0,3.0,1.0,3.0,4.0,37.0,1.0,5.0,6000.0,38.0,33.0,5.0,48282.0,8792.0,500.0,28.0,1.0,1.0,2.0,3.0,5.0,0.0,32.0,32.0,2.0,2.0,3.0,9.0,2.0,2.0,3.0,5.0,7.0,9.0,9.0,45.0,9.0,2.0,3663.0,1.0,39700.0,2.0,2.0,0.0,2.0,3.0,1.0,3.0,9.0,10236.0,4261.0
7802,13.0,3.0,12.0,10.0,5.0,9.0,11.0,25.0,1.0,15.0,1606.0,26.0,15.0,11.0,508494.0,104046.0,147.0,2.0,4.0,5.0,5.0,8.0,13.0,0.0,15.0,12.0,8.0,0.0,7.0,8.0,4.0,9.0,9.0,14.0,19.0,8.0,8.0,-1.0,8.0,4.0,9325.0,3.0,0.0,1.0,1.0,0.0,3.0,13.0,0.0,13.0,8.0,103941.0,11259.0
28322,5.0,0.0,1.0,4.0,0.0,0.0,2.0,40.0,1.0,8.0,1606.0,42.0,38.0,4.0,313776.0,298788.0,500.0,29.0,1.0,1.0,1.0,6.0,9.0,0.0,37.0,29.0,2.0,0.0,0.0,128.0,0.0,0.0,0.0,3.0,8.0,12.0,12.0,-1.0,16.0,1.0,0.0,1.0,0.0,9.0,9.0,8.0,12.0,13.0,84.0,13.0,128.0,298788.0,134.0
7323,5.0,0.0,4.0,2.0,0.0,1.0,1.0,37.0,1.0,7.0,4000.0,25.0,19.0,6.0,39761.0,27733.0,369.0,11.0,0.0,0.0,0.0,4.0,8.0,0.0,17.0,14.0,3.0,0.0,4.0,16.0,1.0,1.0,1.0,4.0,8.0,102.0,102.0,2063.0,102.0,4.0,6856.0,3.0,0.0,48.0,24.0,48.0,45.0,19.0,84.0,19.0,16.0,15915.0,2952.0
17542,7.0,6.0,7.0,7.0,5.0,6.0,7.0,24.0,1.0,5.0,1606.0,23.0,20.0,3.0,10631.0,8443.0,400.0,12.0,2.0,4.0,6.0,8.0,8.0,0.0,20.0,20.0,3.0,0.0,2.0,10.0,3.0,4.0,6.0,9.0,9.0,11.0,11.0,-1.0,11.0,2.0,4500.0,2.0,0.0,11.0,11.0,0.0,13.0,13.0,0.0,13.0,10.0,8136.0,2188.0
11778,16.0,10.0,15.0,3.0,10.0,10.0,13.0,31.0,1.0,11.0,1606.0,22.0,17.0,5.0,19137.0,11762.0,50.0,3.0,0.0,5.0,10.0,14.0,14.0,0.0,17.0,17.0,5.0,0.0,3.0,39.0,1.0,6.0,11.0,17.0,17.0,6.0,6.0,-1.0,39.0,1.0,3910.0,2.0,0.0,13.0,13.0,0.0,21.0,84.0,0.0,84.0,19.0,5720.0,1429.0
10595,4.0,1.0,4.0,3.0,3.0,3.0,3.0,22.0,1.0,9.0,1606.0,4.0,1.0,3.0,13978.0,0.0,400.0,0.0,1.0,1.0,1.0,1.0,1.0,0.0,1.0,1.0,2.0,1.0,2.0,16.0,3.0,3.0,3.0,3.0,3.0,12.0,14.0,12.0,14.0,1.0,600.0,0.0,13200.0,4.0,4.0,0.0,4.0,2.0,0.0,0.0,16.0,0.0,1775.0
6349,7.0,0.0,6.0,4.0,0.0,0.0,0.0,27.0,1.0,6.0,1620.0,43.0,35.0,8.0,82213.0,75180.0,250.0,30.0,0.0,0.0,0.0,2.0,5.0,0.0,20.0,16.0,3.0,2.0,4.0,355.0,0.0,0.0,0.0,1.0,4.0,16.0,16.0,1151.0,528.0,4.0,53337.0,6.0,3000.0,39.0,19.0,39.0,67.0,53.0,84.0,53.0,100.0,58372.0,3477.0
4876,16.0,0.0,16.0,5.0,1.0,4.0,10.0,32.0,2.0,30.0,6800.0,46.0,34.0,12.0,51108.0,32360.0,500.0,12.0,0.0,1.0,3.0,15.0,22.0,0.0,33.0,27.0,10.0,2.0,10.0,40.0,0.0,4.0,5.0,16.0,33.0,8.0,8.0,51.0,40.0,1.0,3400.0,7.0,4000.0,5.0,5.0,1.0,16.0,5.0,4.0,5.0,40.0,26353.0,2828.0
36625,7.0,0.0,6.0,3.0,1.0,1.0,2.0,37.0,1.0,5.0,2000.0,34.0,26.0,8.0,29605.0,17607.0,184.0,24.0,0.0,0.0,0.0,0.0,2.0,0.0,23.0,20.0,3.0,1.0,6.0,9.0,1.0,1.0,1.0,2.0,5.0,21.0,73.0,374.0,73.0,1.0,500.0,4.0,2000.0,41.0,24.0,41.0,44.0,13.0,13.0,13.0,9.0,16276.0,795.0
13068,38.0,0.0,36.0,22.0,1.0,2.0,5.0,34.0,2.0,17.0,8500.0,87.0,62.0,25.0,181067.0,142487.0,1.0,32.0,6.0,8.0,12.0,22.0,30.0,0.0,52.0,49.0,13.0,7.0,5.0,46.0,9.0,14.0,17.0,22.0,42.0,7.0,7.0,7.0,7.0,7.0,71034.0,11.0,86517.0,21.0,21.0,10.0,131.0,84.0,84.0,84.0,7.0,130204.0,15505.0
3023,9.0,3.0,9.0,5.0,7.0,7.0,8.0,47.0,2.0,18.0,8000.0,13.0,6.0,7.0,6390.0,0.0,300.0,3.0,3.0,3.0,3.0,3.0,3.0,0.0,6.0,4.0,4.0,0.0,5.0,9.0,7.0,7.0,8.0,8.0,8.0,9.0,9.0,-1.0,9.0,4.0,4775.0,0.0,0.0,13.0,13.0,13.0,16.0,2.0,2.0,1.0,9.0,0.0,6291.0
10233,16.0,9.0,14.0,14.0,11.0,11.0,12.0,25.0,1.0,15.0,5000.0,19.0,13.0,6.0,577528.0,36621.0,500.0,1.0,0.0,7.0,9.0,12.0,12.0,0.0,12.0,12.0,5.0,0.0,3.0,32.0,0.0,8.0,11.0,16.0,16.0,35.0,35.0,-1.0,35.0,3.0,4100.0,6.0,0.0,12.0,12.0,0.0,21.0,13.0,0.0,13.0,32.0,34430.0,0.0
25627,11.0,0.0,5.0,7.0,1.0,1.0,1.0,49.0,1.0,13.0,5000.0,19.0,9.0,10.0,57966.0,38605.0,424.0,5.0,3.0,3.0,3.0,3.0,4.0,0.0,6.0,1.0,7.0,1.0,6.0,55.0,1.0,2.0,2.0,3.0,5.0,5.0,5.0,1705.0,14.0,2.0,1000.0,7.0,7000.0,24.0,24.0,17.0,91.0,40.0,40.0,40.0,14.0,19682.0,297.0
3046,12.0,1.0,10.0,8.0,2.0,2.0,2.0,36.0,2.0,9.0,2000.0,50.0,40.0,10.0,188190.0,108856.0,400.0,32.0,3.0,4.0,4.0,6.0,8.0,0.0,24.0,9.0,5.0,3.0,2.0,35.0,1.0,3.0,3.0,4.0,9.0,12.0,12.0,2036.0,12.0,0.0,0.0,5.0,45745.0,24.0,24.0,1.0,109.0,15.0,15.0,13.0,14.0,90976.0,6484.0
17082,4.0,0.0,3.0,4.0,0.0,0.0,0.0,39.0,2.0,3.0,1000.0,39.0,34.0,5.0,77698.0,77698.0,645.0,34.0,0.0,0.0,0.0,0.0,0.0,0.0,32.0,32.0,4.0,0.0,2.0,351.0,0.0,0.0,0.0,0.0,1.0,381.0,381.0,-1.0,381.0,1.0,645.0,5.0,0.0,24.0,24.0,6.0,74.0,53.0,1.0,53.0,351.0,77698.0,0.0
16437,12.0,5.0,11.0,4.0,7.0,8.0,8.0,24.0,1.0,14.0,9451.0,14.0,7.0,7.0,16630.0,14709.0,200.0,1.0,3.0,5.0,5.0,5.0,6.0,0.0,5.0,6.0,4.0,2.0,6.0,12.0,3.0,8.0,8.0,8.0,9.0,12.0,12.0,286.0,12.0,2.0,4250.0,1.0,4000.0,13.0,4.0,13.0,6.0,6.0,30.0,6.0,12.0,6234.0,4700.0
22861,3.0,0.0,2.0,3.0,1.0,1.0,1.0,37.0,1.0,8.0,1500.0,4.0,1.0,3.0,83306.0,60376.0,1200.0,0.0,0.0,0.0,0.0,1.0,1.0,0.0,1.0,1.0,3.0,0.0,1.0,28.0,1.0,1.0,1.0,3.0,3.0,5.0,5.0,-1.0,106.0,1.0,1400.0,1.0,0.0,24.0,24.0,0.0,24.0,66.0,0.0,66.0,28.0,60376.0,2020.0
8238,2.0,0.0,1.0,1.0,0.0,0.0,0.0,31.0,1.0,11.0,2000.0,14.0,11.0,3.0,199830.0,0.0,500.0,7.0,0.0,0.0,0.0,0.0,4.0,0.0,10.0,10.0,1.0,1.0,0.0,335.0,0.0,0.0,0.0,0.0,4.0,36.0,36.0,38.0,303.0,0.0,0.0,0.0,10000.0,0.0,0.0,0.0,0.0,0.0,0.0,0.0,249.0,0.0,5035.0
22471,5.0,0.0,5.0,5.0,3.0,3.0,4.0,40.0,1.0,20.0,1000.0,11.0,6.0,5.0,21444.0,0.0,1200.0,4.0,0.0,0.0,0.0,2.0,2.0,0.0,4.0,4.0,5.0,0.0,3.0,21.0,2.0,3.0,4.0,7.0,7.0,11.0,11.0,-1.0,11.0,1.0,8000.0,0.0,0.0,0.0,0.0,0.0,0.0,0.0,5.0,0.0,13.0,0.0,813.0
16598,8.0,0.0,8.0,6.0,1.0,5.0,7.0,28.0,1.0,10.0,4000.0,37.0,32.0,5.0,14354.0,0.0,500.0,17.0,0.0,2.0,3.0,8.0,15.0,0.0,30.0,27.0,3.0,2.0,5.0,36.0,0.0,4.0,5.0,11.0,19.0,16.0,16.0,27.0,16.0,1.0,5000.0,0.0,4900.0,10.0,0.0,10.0,0.0,0.0,12.0,0.0,36.0,0.0,10042.0
12030,6.0,2.0,6.0,1.0,1.0,2.0,2.0,70.0,2.0,22.0,10000.0,8.0,3.0,5.0,306585.0,248732.0,1000.0,1.0,1.0,2.0,2.0,2.0,2.0,0.0,2.0,2.0,1.0,4.0,0.0,40.0,0.0,3.0,3.0,3.0,3.0,9.0,9.0,49.0,9.0,1.0,7000.0,2.0,182524.0,23.0,23.0,0.0,24.0,84.0,4.0,13.0,31.0,248732.0,3928.0
20064,11.0,0.0,5.0,7.0,0.0,0.0,0.0,35.0,2.0,12.0,1000.0,43.0,31.0,12.0,97743.0,104075.0,400.0,28.0,0.0,0.0,0.0,0.0,3.0,0.0,29.0,11.0,11.0,1.0,8.0,198.0,0.0,0.0,0.0,0.0,5.0,24.0,221.0,24.0,24.0,2.0,5500.0,11.0,500.0,93.0,93.0,74.0,317.0,84.0,53.0,84.0,198.0,65034.0,50.0
4975,5.0,1.0,2.0,3.0,2.0,2.0,2.0,40.0,1.0,27.0,2000.0,12.0,8.0,4.0,9273.0,8663.0,312.0,7.0,1.0,1.0,1.0,1.0,1.0,1.0,6.0,2.0,3.0,0.0,1.0,13.0,2.0,2.0,2.0,2.0,2.0,13.0,13.0,-1.0,13.0,2.0,500.0,2.0,0.0,92.0,92.0,1.0,115.0,84.0,6.0,84.0,13.0,513.0,610.0
14460,39.0,0.0,39.0,8.0,13.0,16.0,27.0,41.0,2.0,13.0,6000.0,81.0,57.0,24.0,188628.0,106393.0,184.0,5.0,0.0,7.0,12.0,30.0,52.0,0.0,54.0,43.0,18.0,6.0,11.0,32.0,0.0,7.0,21.0,37.0,68.0,17.0,17.0,40.0,31.0,3.0,43452.0,4.0,122243.0,24.0,11.0,24.0,32.0,41.0,22.0,41.0,32.0,75718.0,30402.0
28002,6.0,3.0,5.0,5.0,5.0,5.0,6.0,29.0,1.0,27.0,5000.0,8.0,5.0,3.0,6763.0,1702.0,400.0,1.0,4.0,4.0,4.0,4.0,4.0,0.0,4.0,4.0,2.0,0.0,2.0,6.0,4.0,5.0,5.0,6.0,6.0,7.0,7.0,-1.0,7.0,2.0,500.0,2.0,0.0,7.0,7.0,0.0,8.0,1.0,13.0,1.0,6.0,4701.0,521.0
12653,13.0,0.0,8.0,7.0,3.0,5.0,5.0,40.0,2.0,9.0,1000.0,77.0,63.0,14.0,145393.0,87165.0,431.0,55.0,0.0,2.0,2.0,5.0,8.0,0.0,43.0,13.0,10.0,1.0,6.0,37.0,0.0,4.0,6.0,8.0,14.0,11.0,11.0,-1.0,13.0,2.0,23900.0,5.0,3900.0,22.0,22.0,1.0,52.0,84.0,13.0,84.0,37.0,26670.0,3090.0
35454,10.0,2.0,8.0,6.0,0.0,3.0,3.0,37.0,1.0,17.0,2000.0,15.0,6.0,9.0,75273.0,70931.0,350.0,3.0,1.0,2.0,2.0,3.0,3.0,0.0,4.0,3.0,5.0,2.0,5.0,9.0,1.0,3.0,3.0,3.0,3.0,9.0,9.0,3984.0,9.0,2.0,4900.0,6.0,10949.0,56.0,24.0,56.0,126.0,65.0,84.0,65.0,9.0,68168.0,4342.0
12657,20.0,1.0,20.0,16.0,0.0,5.0,7.0,31.0,2.0,15.0,8000.0,135.0,122.0,13.0,79019.0,59620.0,500.0,88.0,2.0,4.0,7.0,17.0,34.0,0.0,118.0,95.0,10.0,1.0,3.0,21.0,2.0,5.0,7.0,21.0,41.0,9.0,9.0,40.0,24.0,3.0,52103.0,9.0,2800.0,22.0,22.0,1.0,63.0,26.0,19.0,26.0,11.0,17943.0,15089.0
30696,21.0,1.0,20.0,8.0,2.0,3.0,4.0,36.0,1.0,7.0,1606.0,23.0,5.0,18.0,858666.0,426514.0,75.0,1.0,0.0,3.0,3.0,3.0,4.0,0.0,3.0,2.0,5.0,11.0,2.0,46.0,1.0,6.0,7.0,8.0,9.0,31.0,33.0,31.0,33.0,3.0,34410.0,8.0,366477.0,24.0,24.0,0.0,179.0,48.0,0.0,40.0,17.0,430697.0,20837.0
32534,4.0,2.0,4.0,3.0,3.0,3.0,3.0,24.0,2.0,4.0,1260.0,11.0,9.0,2.0,1084.0,0.0,550.0,3.0,2.0,2.0,2.0,5.0,6.0,0.0,8.0,6.0,1.0,0.0,1.0,11.0,2.0,3.0,3.0,3.0,3.0,12.0,12.0,-1.0,12.0,1.0,1000.0,0.0,0.0,64.0,0.0,64.0,0.0,0.0,84.0,0.0,11.0,0.0,1084.0
2544,17.0,5.0,16.0,15.0,3.0,7.0,14.0,46.0,1.0,17.0,6000.0,47.0,39.0,8.0,32096.0,0.0,500.0,16.0,1.0,4.0,7.0,19.0,23.0,0.0,38.0,39.0,6.0,2.0,7.0,11.0,2.0,3.0,8.0,19.0,30.0,12.0,12.0,30.0,12.0,2.0,6600.0,0.0,3000.0,0.0,0.0,0.0,0.0,0.0,0.0,0.0,11.0,0.0,21474.0
36177,17.0,0.0,16.0,11.0,1.0,2.0,7.0,35.0,2.0,12.0,1071.0,39.0,25.0,14.0,35712.0,44945.0,400.0,13.0,0.0,2.0,3.0,4.0,12.0,0.0,18.0,20.0,9.0,3.0,11.0,58.0,0.0,1.0,2.0,7.0,18.0,41.0,41.0,46.0,41.0,0.0,0.0,6.0,8600.0,48.0,34.0,48.0,149.0,29.0,84.0,29.0,58.0,21364.0,1617.0
19482,19.0,0.0,12.0,16.0,3.0,3.0,6.0,48.0,2.0,7.0,1000.0,81.0,63.0,18.0,185551.0,80525.0,640.0,52.0,1.0,1.0,2.0,4.0,11.0,1.0,53.0,16.0,15.0,2.0,8.0,29.0,3.0,5.0,7.0,10.0,16.0,7.0,7.0,41.0,21.0,2.0,7882.0,9.0,12000.0,23.0,23.0,19.0,148.0,18.0,13.0,18.0,7.0,95010.0,5511.0
13180,20.0,0.0,16.0,16.0,0.0,0.0,0.0,56.0,1.0,14.0,2700.0,50.0,41.0,9.0,106415.0,2862.0,373.0,13.0,3.0,8.0,12.0,19.0,28.0,0.0,35.0,9.0,4.0,0.0,4.0,304.0,2.0,6.0,10.0,18.0,29.0,8.0,8.0,469.0,11.0,1.0,0.0,4.0,0.0,15.0,15.0,11.0,37.0,13.0,5.0,13.0,24.0,1154.0,4292.0
34372,4.0,2.0,4.0,3.0,4.0,4.0,4.0,29.0,2.0,8.0,2000.0,4.0,2.0,2.0,2163.0,0.0,400.0,0.0,1.0,2.0,2.0,2.0,2.0,0.0,2.0,2.0,2.0,0.0,2.0,7.0,2.0,3.0,4.0,4.0,4.0,20.0,20.0,-1.0,20.0,2.0,2063.0,0.0,0.0,0.0,0.0,0.0,0.0,0.0,0.0,0.0,7.0,0.0,2163.0
4061,13.0,3.0,7.0,10.0,4.0,6.0,7.0,21.0,1.0,12.0,1606.0,15.0,5.0,10.0,16447.0,0.0,208.0,0.0,2.0,2.0,3.0,4.0,5.0,0.0,5.0,4.0,9.0,0.0,8.0,16.0,4.0,6.0,6.0,8.0,13.0,13.0,13.0,-1.0,13.0,2.0,700.0,0.0,0.0,5.0,5.0,5.0,25.0,2.0,2.0,0.0,16.0,0.0,1411.0
32872,25.0,2.0,18.0,11.0,3.0,3.0,8.0,49.0,2.0,4.0,1000.0,41.0,26.0,15.0,282544.0,108318.0,50.0,6.0,1.0,4.0,8.0,15.0,20.0,0.0,25.0,25.0,11.0,2.0,9.0,39.0,0.0,1.0,3.0,10.0,24.0,10.0,10.0,791.0,10.0,4.0,3000.0,13.0,23959.0,57.0,57.0,14.0,291.0,66.0,10.0,66.0,39.0,89531.0,4033.0
11371,8.0,0.0,3.0,2.0,0.0,0.0,0.0,43.0,2.0,3.0,1000.0,35.0,25.0,10.0,289528.0,38419.0,500.0,25.0,0.0,0.0,0.0,0.0,0.0,0.0,23.0,4.0,5.0,0.0,3.0,1111.0,0.0,0.0,0.0,0.0,0.0,17.0,17.0,-1.0,956.0,3.0,2438.0,7.0,0.0,92.0,92.0,50.0,197.0,84.0,53.0,84.0,459.0,37093.0,0.0
5100,11.0,0.0,6.0,6.0,1.0,1.0,1.0,60.0,2.0,11.0,1606.0,21.0,14.0,7.0,50072.0,5229.0,496.0,10.0,1.0,2.0,2.0,4.0,4.0,0.0,10.0,7.0,3.0,2.0,2.0,86.0,1.0,2.0,3.0,8.0,9.0,1.0,1.0,36.0,36.0,1.0,20000.0,1.0,2500.0,24.0,4.0,24.0,4.0,13.0,84.0,2.0,19.0,4462.0,4317.0
16772,15.0,4.0,7.0,6.0,5.0,5.0,6.0,30.0,1.0,3.0,4201.0,19.0,8.0,11.0,11730.0,8999.0,300.0,3.0,1.0,3.0,4.0,4.0,5.0,0.0,7.0,7.0,10.0,1.0,9.0,14.0,1.0,4.0,5.0,6.0,7.0,17.0,17.0,432.0,17.0,2.0,2605.0,8.0,6000.0,6.0,6.0,6.0,54.0,84.0,8.0,84.0,14.0,230.0,2731.0
3663,10.0,3.0,8.0,1.0,2.0,2.0,4.0,33.0,1.0,3.0,1606.0,48.0,41.0,7.0,45650.0,5088.0,500.0,25.0,1.0,2.0,3.0,7.0,16.0,0.0,8.0,33.0,2.0,1.0,2.0,47.0,0.0,1.0,2.0,7.0,15.0,14.0,14.0,47.0,22.0,0.0,0.0,4.0,6416.0,37.0,29.0,37.0,47.0,13.0,2.0,13.0,47.0,5072.0,3486.0
24592,5.0,0.0,3.0,2.0,0.0,0.0,0.0,41.0,2.0,7.0,10000.0,53.0,48.0,5.0,470926.0,0.0,227.0,47.0,0.0,0.0,0.0,0.0,1.0,0.0,22.0,32.0,2.0,2.0,2.0,304.0,0.0,0.0,1.0,1.0,3.0,32.0,32.0,53.0,53.0,0.0,0.0,0.0,2700.0,5.0,5.0,5.0,5.0,6.0,44.0,0.0,67.0,0.0,9217.0
9113,6.0,0.0,4.0,2.0,0.0,1.0,1.0,37.0,1.0,7.0,1000.0,8.0,2.0,6.0,160746.0,77058.0,2379.0,2.0,0.0,0.0,0.0,0.0,0.0,0.0,2.0,0.0,2.0,3.0,1.0,31.0,0.0,1.0,1.0,1.0,1.0,24.0,1641.0,31.0,31.0,0.0,0.0,4.0,95300.0,24.0,24.0,0.0,81.0,84.0,19.0,84.0,31.0,78479.0,2379.0
17181,18.0,3.0,13.0,9.0,4.0,4.0,8.0,44.0,1.0,13.0,2000.0,69.0,55.0,14.0,143343.0,92415.0,50.0,36.0,4.0,4.0,4.0,14.0,19.0,0.0,37.0,33.0,9.0,2.0,6.0,25.0,2.0,4.0,4.0,16.0,22.0,20.0,20.0,63.0,20.0,2.0,5900.0,12.0,24007.0,36.0,36.0,36.0,148.0,25.0,8.0,25.0,25.0,48679.0,0.0
26123,12.0,1.0,12.0,5.0,2.0,5.0,6.0,45.0,1.0,18.0,9000.0,15.0,9.0,6.0,34512.0,0.0,2000.0,2.0,3.0,4.0,6.0,6.0,7.0,0.0,6.0,6.0,3.0,1.0,0.0,46.0,2.0,5.0,7.0,9.0,9.0,22.0,22.0,46.0,25.0,2.0,5762.0,0.0,16600.0,7.0,2.0,7.0,3.0,8.0,13.0,0.0,15.0,0.0,9595.0
24516,8.0,0.0,7.0,4.0,4.0,4.0,5.0,25.0,1.0,12.0,2700.0,20.0,14.0,6.0,597454.0,32601.0,400.0,10.0,0.0,1.0,3.0,4.0,4.0,0.0,13.0,14.0,4.0,0.0,2.0,68.0,0.0,1.0,4.0,6.0,6.0,34.0,34.0,627.0,34.0,1.0,3100.0,3.0,0.0,22.0,22.0,15.0,41.0,13.0,84.0,13.0,41.0,29533.0,5463.0
13819,13.0,0.0,9.0,10.0,0.0,0.0,0.0,33.0,1.0,6.0,1071.0,57.0,42.0,15.0,110343.0,100925.0,344.0,42.0,0.0,0.0,0.0,0.0,0.0,0.0,40.0,36.0,12.0,3.0,6.0,610.0,0.0,0.0,0.0,0.0,0.0,445.0,445.0,476.0,477.0,4.0,16614.0,14.0,20000.0,53.0,53.0,12.0,300.0,84.0,12.0,84.0,415.0,78251.0,0.0
32277,0.0,0.0,0.0,0.0,0.0,0.0,0.0,25.0,1.0,1.0,3765.0,0.0,0.0,0.0,0.0,0.0,0.0,0.0,0.0,0.0,0.0,0.0,0.0,0.0,0.0,0.0,0.0,0.0,0.0,-1.0,0.0,0.0,0.0,0.0,0.0,-1.0,-1.0,-1.0,-1.0,0.0,0.0,0.0,0.0,0.0,0.0,0.0,0.0,0.0,0.0,0.0,-1.0,0.0,0.0
35127,10.0,4.0,10.0,5.0,3.0,5.0,5.0,54.0,1.0,6.0,1500.0,12.0,5.0,7.0,477073.0,17406.0,693.0,1.0,2.0,3.0,4.0,4.0,4.0,0.0,4.0,5.0,1.0,1.0,5.0,4.0,2.0,4.0,5.0,5.0,5.0,4.0,4.0,1554.0,4.0,1.0,3500.0,6.0,10267.0,24.0,24.0,0.0,59.0,23.0,0.0,23.0,4.0,14311.0,3500.0
31717,9.0,1.0,8.0,4.0,2.0,2.0,3.0,40.0,1.0,12.0,5400.0,33.0,24.0,9.0,116404.0,15548.0,199.0,22.0,0.0,1.0,1.0,2.0,2.0,0.0,14.0,9.0,4.0,1.0,5.0,14.0,2.0,2.0,2.0,4.0,5.0,14.0,14.0,254.0,14.0,1.0,1463.0,4.0,7800.0,83.0,10.0,83.0,27.0,13.0,84.0,13.0,14.0,11757.0,3619.0
25282,11.0,0.0,10.0,4.0,2.0,2.0,4.0,30.0,2.0,17.0,4000.0,12.0,2.0,10.0,232946.0,203161.0,500.0,0.0,0.0,1.0,2.0,2.0,2.0,0.0,2.0,2.0,2.0,6.0,2.0,17.0,1.0,1.0,2.0,4.0,4.0,35.0,35.0,43.0,35.0,2.0,20351.0,8.0,112700.0,24.0,24.0,15.0,179.0,84.0,84.0,84.0,17.0,206125.0,908.0
23421,3.0,2.0,3.0,3.0,3.0,3.0,3.0,33.0,1.0,16.0,6000.0,5.0,4.0,1.0,584.0,24106.0,400.0,2.0,2.0,2.0,2.0,2.0,2.0,0.0,2.0,2.0,1.0,0.0,1.0,20.0,2.0,3.0,3.0,3.0,3.0,21.0,21.0,3323.0,21.0,1.0,500.0,0.0,0.0,0.0,0.0,0.0,0.0,0.0,6.0,0.0,20.0,0.0,584.0
29092,6.0,0.0,3.0,3.0,0.0,0.0,0.0,61.0,2.0,4.0,1500.0,45.0,40.0,5.0,27751.0,1863.0,1.0,37.0,0.0,0.0,1.0,2.0,3.0,0.0,39.0,4.0,3.0,0.0,1.0,1987.0,0.0,0.0,1.0,2.0,3.0,5.0,5.0,-1.0,2589.0,1.0,1863.0,1.0,0.0,9.0,9.0,1.0,9.0,48.0,15.0,48.0,61.0,1863.0,4032.0
26189,28.0,3.0,26.0,22.0,6.0,7.0,12.0,24.0,1.0,20.0,1850.0,35.0,15.0,20.0,404396.0,3366.0,200.0,3.0,1.0,4.0,6.0,9.0,12.0,0.0,14.0,14.0,15.0,4.0,12.0,9.0,1.0,6.0,10.0,18.0,26.0,9.0,9.0,39.0,9.0,2.0,3505.0,1.0,14600.0,71.0,71.0,0.0,71.0,84.0,0.0,84.0,9.0,99.0,8574.0
11398,5.0,1.0,3.0,4.0,1.0,2.0,4.0,42.0,1.0,20.0,2000.0,10.0,7.0,3.0,6453.0,0.0,300.0,3.0,1.0,1.0,2.0,4.0,4.0,0.0,4.0,6.0,2.0,0.0,1.0,42.0,1.0,2.0,2.0,6.0,6.0,6.0,6.0,-1.0,6.0,1.0,0.0,0.0,0.0,5.0,5.0,5.0,5.0,46.0,46.0,0.0,13.0,0.0,463.0
27689,7.0,2.0,7.0,6.0,1.0,3.0,4.0,25.0,1.0,19.0,15000.0,17.0,10.0,7.0,55156.0,0.0,700.0,0.0,2.0,2.0,2.0,5.0,10.0,0.0,10.0,9.0,6.0,1.0,4.0,27.0,1.0,3.0,4.0,7.0,17.0,24.0,24.0,70.0,24.0,0.0,0.0,0.0,13200.0,0.0,0.0,0.0,0.0,0.0,0.0,0.0,27.0,0.0,3051.0
35449,6.0,0.0,6.0,4.0,0.0,0.0,0.0,39.0,1.0,3.0,1000.0,26.0,19.0,7.0,96065.0,106188.0,500.0,16.0,0.0,0.0,0.0,2.0,3.0,0.0,16.0,13.0,6.0,1.0,7.0,586.0,0.0,0.0,0.0,0.0,0.0,35.0,344.0,35.0,35.0,4.0,10773.0,6.0,2000.0,20.0,20.0,13.0,80.0,20.0,63.0,20.0,586.0,94452.0,358.0
18520,20.0,7.0,14.0,15.0,0.0,9.0,10.0,62.0,2.0,14.0,8000.0,37.0,26.0,11.0,95721.0,7240.0,400.0,8.0,4.0,7.0,10.0,16.0,18.0,0.0,18.0,14.0,9.0,0.0,3.0,13.0,6.0,10.0,12.0,19.0,20.0,12.0,12.0,-1.0,12.0,4.0,23138.0,2.0,0.0,18.0,18.0,18.0,74.0,17.0,4.0,5.0,5.0,2026.0,23821.0
19944,13.0,0.0,12.0,8.0,2.0,3.0,3.0,25.0,1.0,20.0,8000.0,64.0,52.0,12.0,96662.0,0.0,400.0,37.0,0.0,1.0,2.0,8.0,15.0,0.0,48.0,35.0,7.0,5.0,4.0,17.0,4.0,6.0,7.0,12.0,21.0,17.0,29.0,17.0,17.0,6.0,33239.0,0.0,71850.0,87.0,0.0,87.0,0.0,0.0,11.0,0.0,17.0,0.0,26018.0
19880,13.0,0.0,9.0,8.0,3.0,4.0,5.0,40.0,2.0,20.0,6000.0,49.0,38.0,11.0,52933.0,18183.0,200.0,31.0,0.0,0.0,3.0,3.0,7.0,0.0,36.0,22.0,7.0,1.0,4.0,20.0,1.0,2.0,4.0,6.0,13.0,15.0,15.0,-1.0,20.0,2.0,1145.0,6.0,500.0,22.0,22.0,3.0,40.0,84.0,12.0,84.0,20.0,11147.0,461.0
36559,13.0,1.0,13.0,11.0,3.0,3.0,5.0,30.0,2.0,11.0,8401.0,50.0,45.0,5.0,38725.0,0.0,477.0,10.0,0.0,3.0,8.0,17.0,35.0,0.0,45.0,33.0,3.0,2.0,2.0,54.0,0.0,4.0,7.0,17.0,35.0,36.0,36.0,38.0,38.0,1.0,11800.0,0.0,15589.0,0.0,0.0,0.0,0.0,2.0,2.0,0.0,38.0,0.0,35352.0
34241,7.0,1.0,7.0,4.0,4.0,5.0,5.0,39.0,1.0,19.0,15000.0,12.0,5.0,7.0,9600.0,4136.0,168.0,3.0,1.0,1.0,1.0,1.0,2.0,0.0,4.0,3.0,4.0,1.0,6.0,13.0,5.0,5.0,5.0,5.0,6.0,10.0,10.0,52.0,10.0,2.0,4163.0,1.0,600.0,49.0,21.0,49.0,21.0,13.0,3.0,13.0,13.0,4136.0,4873.0
34616,21.0,1.0,21.0,19.0,1.0,2.0,3.0,25.0,1.0,14.0,2000.0,32.0,17.0,15.0,23778.0,0.0,500.0,1.0,0.0,5.0,6.0,12.0,16.0,0.0,16.0,9.0,13.0,2.0,3.0,34.0,0.0,4.0,7.0,15.0,28.0,22.0,22.0,40.0,40.0,1.0,3300.0,0.0,7600.0,5.0,5.0,5.0,5.0,13.0,13.0,0.0,34.0,0.0,10548.0
33291,17.0,0.0,17.0,9.0,8.0,8.0,14.0,44.0,1.0,5.0,1000.0,42.0,33.0,9.0,83526.0,78745.0,100.0,12.0,1.0,3.0,8.0,15.0,21.0,1.0,26.0,26.0,7.0,1.0,0.0,52.0,1.0,5.0,8.0,17.0,25.0,10.0,10.0,1825.0,10.0,2.0,0.0,3.0,14500.0,24.0,24.0,14.0,51.0,13.0,15.0,13.0,21.0,78745.0,453.0
36031,10.0,3.0,10.0,8.0,7.0,7.0,9.0,54.0,1.0,5.0,1000.0,18.0,12.0,6.0,119587.0,0.0,322.0,4.0,1.0,4.0,6.0,7.0,8.0,0.0,7.0,9.0,2.0,3.0,3.0,2.0,1.0,4.0,7.0,10.0,10.0,2.0,2.0,4.0,2.0,1.0,1900.0,0.0,9000.0,0.0,0.0,0.0,0.0,0.0,3.0,0.0,2.0,0.0,3152.0
